branch,split,source_file,Model,Train & Test,Accuracy (micro),Precision (macro),Recall (macro),F1 (macro),Loss,Class_weights,Best_class,Median_class,Worst_class,num_classes_above_f1_macro_avg,num_classes_above_f1_macro_median,Time Taken (mins),epoch,source_run,accuracy,macro_precision,macro_recall,macro_f1,loss
Lowest-30,train,lowest_train_summary/mobilenetv2_stageF_lowest_30_train_summary128_140.csv,mobilenetv2_stageF_lowest_30,Train,85.70496438475341,86.93026711779228,82.72928509964481,84.30464687555627,0.8733507975320454,norm_sqrt_inv,Ephedra alata Decne.,Capparis spinosa L.,others,23,16,23.534393084049224,128,lowest_30,0.8570496438475341,0.8693026711779228,0.8272928509964481,0.8430464687555628,0.8733507975320454
Lowest-30,train,lowest_train_summary/mobilenetv2_stageF_lowest_30_train_summary128_140.csv,mobilenetv2_stageF_lowest_30,Train,86.43901908542222,85.80203391701687,83.84722055377199,84.61424332658169,0.6491574332992668,norm_sqrt_inv,Ephedra alata Decne.,Nitraria retusa (Forssk.) Asch.,others,24,16,25.98704719543457,129,lowest_30,0.8643901908542222,0.8580203391701687,0.83847220553772,0.8461424332658168,0.6491574332992668
Lowest-30,train,lowest_train_summary/mobilenetv2_stageF_lowest_30_train_summary128_140.csv,mobilenetv2_stageF_lowest_30,Train,86.81964004132456,86.18096166998257,84.61039301443223,85.24041460671842,0.5587643666111904,norm_sqrt_inv,Ephedra alata Decne.,Limonium pruinosum (L.) Chaz.,others,24,16,24.584512265523276,130,lowest_30,0.8681964004132456,0.8618096166998257,0.8461039301443223,0.8524041460671842,0.5587643666111904
Lowest-30,train,lowest_train_summary/mobilenetv2_stageF_lowest_30_train_summary128_140.csv,mobilenetv2_stageF_lowest_30,Train,87.18394867054538,85.76912222061358,85.16797845905808,85.38077632000221,0.5056129938817543,norm_sqrt_inv,Ephedra alata Decne.,Cebatha pendula (J.R.Forst. & G.Forst.) Kuntze,Peganum harmala L.,22,16,25.89748344818751,131,lowest_30,0.8718394867054537,0.8576912222061358,0.8516797845905808,0.8538077632000222,0.5056129938817543
Lowest-30,train,lowest_train_summary/mobilenetv2_stageF_lowest_30_train_summary128_140.csv,mobilenetv2_stageF_lowest_30,Train,87.9615029090316,86.34753458605209,85.91135648271434,86.04650419496902,0.4569077743589878,norm_sqrt_inv,Ephedra alata Decne.,Zygophyllum molle (Delile) Christenh. & Byng,others,23,16,24.91781980196635,132,lowest_30,0.879615029090316,0.8634753458605209,0.8591135648271434,0.8604650419496902,0.4569077743589878
Lowest-30,train,lowest_train_summary/mobilenetv2_stageF_lowest_30_train_summary128_140.csv,mobilenetv2_stageF_lowest_30,Train,88.16268827143712,86.3513797241256,86.04896891621722,86.13097667057203,0.4468289275467396,norm_sqrt_inv,Ephedra alata Decne.,Cebatha pendula (J.R.Forst. & G.Forst.) Kuntze,Peganum harmala L.,22,16,24.478759117921193,133,lowest_30,0.8816268827143712,0.8635137972412559,0.8604896891621722,0.8613097667057202,0.4468289275467396
Lowest-30,train,lowest_train_summary/mobilenetv2_stageF_lowest_30_train_summary128_140.csv,mobilenetv2_stageF_lowest_30,Train,88.58680876515687,87.15833513464992,86.65694845169621,86.84764771829286,0.4247336945196857,norm_sqrt_inv,Echinops glaberrimus DC.,Lycium shawii Roem. & Schult.,Peganum harmala L.,21,16,24.600189820925394,134,lowest_30,0.8858680876515688,0.8715833513464992,0.8665694845169621,0.8684764771829286,0.4247336945196857
Lowest-30,train,lowest_train_summary/mobilenetv2_stageF_lowest_30_train_summary128_140.csv,mobilenetv2_stageF_lowest_30,Train,88.74993203197216,87.25672523841118,86.78005133463647,86.9575320948876,0.4181649664173955,norm_sqrt_inv,Ephedra alata Decne.,Deverra triradiata Hochst. ex Boiss.,Peganum harmala L.,24,16,24.556867118676504,135,lowest_30,0.8874993203197217,0.8725672523841118,0.8678005133463647,0.869575320948876,0.4181649664173955
Lowest-30,train,lowest_train_summary/mobilenetv2_stageF_lowest_30_train_summary128_140.csv,mobilenetv2_stageF_lowest_30,Train,88.82061878092546,87.25094454314434,87.23036788624937,87.17421247982679,0.392163778109395,norm_sqrt_inv,Ephedra alata Decne.,Zygophyllum coccineum,others,21,16,24.298870933055877,136,lowest_30,0.8882061878092545,0.8725094454314434,0.8723036788624937,0.871742124798268,0.392163778109395
Lowest-30,train,lowest_train_summary/mobilenetv2_stageF_lowest_30_train_summary128_140.csv,mobilenetv2_stageF_lowest_30,Train,89.25561415909957,87.67938332424676,87.59041869219189,87.57666402654783,0.3856780003853466,norm_sqrt_inv,Ephedra alata Decne.,Capparis spinosa L.,Peganum harmala L.,22,16,24.568260045846305,137,lowest_30,0.8925561415909956,0.8767938332424676,0.8759041869219188,0.8757666402654783,0.3856780003853466
Lowest-30,train,lowest_train_summary/mobilenetv2_stageF_lowest_30_train_summary128_140.csv,mobilenetv2_stageF_lowest_30,Train,89.54923603936709,88.09552395421056,88.03674459321161,88.02025231008874,0.3705775484313136,norm_sqrt_inv,Ephedra alata Decne.,Lycium shawii Roem. & Schult.,Peganum harmala L.,22,16,24.24724893172582,138,lowest_30,0.8954923603936709,0.8809552395421056,0.8803674459321161,0.8802025231008873,0.3705775484313136
Lowest-30,train,lowest_train_summary/mobilenetv2_stageF_lowest_30_train_summary128_140.csv,mobilenetv2_stageF_lowest_30,Train,89.60904790386603,88.11676325947204,87.86066225616472,87.93952816516679,0.3697089385953934,norm_sqrt_inv,Ephedra alata Decne.,Lycium shawii Roem. & Schult.,Peganum harmala L.,23,16,24.202985846996302,139,lowest_30,0.8960904790386602,0.8811676325947204,0.8786066225616471,0.8793952816516679,0.3697089385953934
Lowest-30,train,lowest_train_summary/mobilenetv2_stageF_lowest_30_train_summary128_140.csv,mobilenetv2_stageF_lowest_30,Train,89.77217117068132,88.29566607958242,88.22127124531337,88.22726359227903,0.3496190814285174,norm_sqrt_inv,Ephedra alata Decne.,Gymnocarpos decander Forssk.,Peganum harmala L.,24,16,24.289246487617493,140,lowest_30,0.8977217117068131,0.8829566607958241,0.8822127124531337,0.8822726359227903,0.3496190814285174
Lowest-30,train,lowest_train_summary/mobilenetv2_stageF_lowest_30_train_summary141_150.csv,mobilenetv2_stageF_lowest_30,Train,89.63623511500191,88.14873375289218,88.04557166255252,88.05285087014002,0.3496400250688843,norm_sqrt_inv,Ephedra alata Decne.,Gymnocarpos decander Forssk.,Peganum harmala L.,23,16,22.008958848317462,141,lowest_30,0.896362351150019,0.8814873375289218,0.8804557166255251,0.8805285087014002,0.3496400250688843
Lowest-30,train,lowest_train_summary/mobilenetv2_stageF_lowest_30_train_summary141_150.csv,mobilenetv2_stageF_lowest_30,Train,90.53885052471315,88.84238572296887,88.96569332592081,88.86054999304996,0.3310775873842446,norm_sqrt_inv,Ephedra alata Decne.,Calotropis procera,Peganum harmala L.,21,16,25.01440659761429,142,lowest_30,0.9053885052471315,0.8884238572296888,0.8896569332592081,0.8886054999304995,0.3310775873842446
Lowest-30,train,lowest_train_summary/mobilenetv2_stageF_lowest_30_train_summary141_150.csv,mobilenetv2_stageF_lowest_30,Train,90.35941493121636,89.02376035314659,88.86941561242824,88.91614746907936,0.3348776290824879,norm_sqrt_inv,Ephedra alata Decne.,Zygophyllum coccineum,Peganum harmala L.,22,16,29.60615384976069,143,lowest_30,0.9035941493121636,0.8902376035314659,0.8886941561242824,0.8891614746907937,0.3348776290824879
Lowest-30,train,lowest_train_summary/mobilenetv2_stageF_lowest_30_train_summary141_150.csv,mobilenetv2_stageF_lowest_30,Train,90.26154097112718,88.7089306011543,88.81853262047491,88.71888041051145,0.3273527766764164,norm_sqrt_inv,Ephedra alata Decne.,Rumex vesicarius L.,Peganum harmala L.,20,16,36.54717711210251,144,lowest_30,0.9026154097112717,0.8870893060115429,0.8881853262047491,0.8871888041051145,0.3273527766764164
Lowest-30,train,lowest_train_summary/mobilenetv2_stageF_lowest_30_train_summary141_150.csv,mobilenetv2_stageF_lowest_30,Train,90.4844761024414,89.0067019294473,89.0198911292059,88.98873587910984,0.3262630080852819,norm_sqrt_inv,Ephedra alata Decne.,Gymnocarpos decander Forssk.,Peganum harmala L.,22,16,29.750660514831544,145,lowest_30,0.904844761024414,0.8900670192944731,0.890198911292059,0.8898873587910984,0.3262630080852819
Lowest-30,train,lowest_train_summary/mobilenetv2_stageF_lowest_30_train_summary141_150.csv,mobilenetv2_stageF_lowest_30,Train,90.60953727366646,89.12398460176529,89.19955684061517,89.1236218885901,0.3154231074711551,norm_sqrt_inv,Ephedra alata Decne.,Capparis spinosa L.,others,19,16,26.31222165028254,146,lowest_30,0.9060953727366646,0.8912398460176528,0.8919955684061517,0.891236218885901,0.3154231074711551
Lowest-30,train,lowest_train_summary/mobilenetv2_stageF_lowest_30_train_summary141_150.csv,mobilenetv2_stageF_lowest_30,Train,90.53885052471315,89.04970145554756,89.05713826084029,89.0204617733649,0.3171607803877281,norm_sqrt_inv,Echinops glaberrimus DC.,Limonium pruinosum (L.) Chaz.,Peganum harmala L.,19,16,32.323897016048434,147,lowest_30,0.9053885052471315,0.8904970145554756,0.8905713826084029,0.890204617733649,0.3171607803877281
Lowest-30,train,lowest_train_summary/mobilenetv2_stageF_lowest_30_train_summary141_150.csv,mobilenetv2_stageF_lowest_30,Train,90.7400358871187,89.41994756122395,89.44131724385403,89.4033282378052,0.3098682204731132,norm_sqrt_inv,Ephedra alata Decne.,Calotropis procera,others,20,16,26.469197237491606,148,lowest_30,0.907400358871187,0.8941994756122394,0.8944131724385403,0.894033282378052,0.3098682204731132
Lowest-30,train,lowest_train_summary/mobilenetv2_stageF_lowest_30_train_summary141_150.csv,mobilenetv2_stageF_lowest_30,Train,91.1260942852482,89.64539464043064,89.88070686961464,89.71991177765756,0.2975961090818695,norm_sqrt_inv,Ephedra alata Decne.,Deverra triradiata Hochst. ex Boiss.,Peganum harmala L.,21,16,26.885306465625764,149,lowest_30,0.911260942852482,0.8964539464043064,0.8988070686961465,0.8971991177765756,0.2975961090818695
Lowest-30,train,lowest_train_summary/mobilenetv2_stageF_lowest_30_train_summary141_150.csv,mobilenetv2_stageF_lowest_30,Train,91.3599043010168,89.8718861129655,89.86272733781678,89.83841628811001,0.2886793262317129,norm_sqrt_inv,Echinops glaberrimus DC.,Calotropis procera,Peganum harmala L.,21,16,27.675065998236335,150,lowest_30,0.9135990430101679,0.8987188611296549,0.8986272733781678,0.8983841628811001,0.2886793262317129
Lowest-30,train,lowest_train_summary/mobilenetv2_stageF_lowest_30_train_summary151_160.csv,mobilenetv2_stageF_lowest_30,Train,90.94122124952422,89.81006772464698,89.73247065093906,89.70762719267825,0.2729732933105981,adjusted_norm_sqrt_inv,Echinops glaberrimus DC.,Zygophyllum coccineum,others,19,16,21.134530115127564,151,lowest_30,0.9094122124952422,0.8981006772464698,0.8973247065093907,0.8970762719267824,0.2729732933105981
Lowest-30,train,lowest_train_summary/mobilenetv2_stageF_lowest_30_train_summary151_160.csv,mobilenetv2_stageF_lowest_30,Train,91.02822032515904,90.54842959509234,89.45096007762632,89.86587508168437,0.2578669860116813,adjusted_norm_sqrt_inv,Ephedra alata Decne.,Gymnocarpos decander Forssk.,others,20,16,21.631614315509797,152,lowest_30,0.9102822032515904,0.9054842959509234,0.8945096007762632,0.8986587508168437,0.2578669860116813
Lowest-30,train,lowest_train_summary/mobilenetv2_stageF_lowest_30_train_summary151_160.csv,mobilenetv2_stageF_lowest_30,Train,90.90859659616116,90.59617664149091,89.3079749782998,89.7890957709749,0.2521111447671833,adjusted_norm_sqrt_inv,Ephedra alata Decne.,Rumex vesicarius L.,Peganum harmala L.,20,16,21.631593636671703,153,lowest_30,0.9090859659616116,0.9059617664149091,0.893079749782998,0.8978909577097489,0.2521111447671833
Lowest-30,train,lowest_train_summary/mobilenetv2_stageF_lowest_30_train_summary151_160.csv,mobilenetv2_stageF_lowest_30,Train,91.08803218965798,90.8143704512194,89.16342428974714,89.79186734924755,0.2468749446664815,adjusted_norm_sqrt_inv,Echinops glaberrimus DC.,Lycium shawii Roem. & Schult.,Peganum harmala L.,20,16,20.954505880673725,154,lowest_30,0.9108803218965797,0.9081437045121941,0.8916342428974714,0.8979186734924756,0.2468749446664815
Lowest-30,train,lowest_train_summary/mobilenetv2_stageF_lowest_30_train_summary151_160.csv,mobilenetv2_stageF_lowest_30,Train,90.96297101843292,90.55127129002248,89.44221126313184,89.80420776116242,0.2451124651600485,adjusted_norm_sqrt_inv,Ephedra alata Decne.,Stachys aegyptiaca Pers.,others,21,16,21.046015616257986,155,lowest_30,0.9096297101843293,0.9055127129002248,0.8944221126313184,0.8980420776116241,0.2451124651600485
Lowest-30,train,lowest_train_summary/mobilenetv2_stageF_lowest_30_train_summary151_160.csv,mobilenetv2_stageF_lowest_30,Train,91.1967810342015,91.13371655152432,89.57232145281905,90.15624201258898,0.254655343407522,adjusted_norm_sqrt_inv,Ephedra alata Decne.,Diplotaxis harra (Forssk.) Boiss.,others,21,16,21.57281413475672,156,lowest_30,0.911967810342015,0.9113371655152431,0.8957232145281906,0.9015624201258897,0.254655343407522
Lowest-30,train,lowest_train_summary/mobilenetv2_stageF_lowest_30_train_summary151_160.csv,mobilenetv2_stageF_lowest_30,Train,91.01190799847753,90.8635783591621,89.32010890638983,89.87617070960712,0.2384908531347046,adjusted_norm_sqrt_inv,Ephedra alata Decne.,Zygophyllum coccineum,Peganum harmala L.,20,16,21.903944369157156,157,lowest_30,0.9101190799847753,0.908635783591621,0.8932010890638984,0.8987617070960713,0.2384908531347046
Lowest-30,train,lowest_train_summary/mobilenetv2_stageF_lowest_30_train_summary151_160.csv,mobilenetv2_stageF_lowest_30,Train,91.23484312979174,90.92227605435752,89.39465340375598,89.9496133992664,0.2391789891862351,adjusted_norm_sqrt_inv,Ephedra alata Decne.,Iphiona mucronata (Forssk.) Asch. & Schweinf.,Peganum harmala L.,21,16,21.069273197650908,158,lowest_30,0.9123484312979174,0.9092227605435752,0.8939465340375599,0.8994961339926639,0.2391789891862351
Lowest-30,train,lowest_train_summary/mobilenetv2_stageF_lowest_30_train_summary151_160.csv,mobilenetv2_stageF_lowest_30,Train,91.1750312652928,91.0148794186931,89.51649631860856,90.0290916680552,0.2335848701048804,adjusted_norm_sqrt_inv,Ephedra alata Decne.,Rumex vesicarius L.,Peganum harmala L.,22,16,21.650929049650827,159,lowest_30,0.911750312652928,0.910148794186931,0.8951649631860856,0.9002909166805521,0.2335848701048804
Lowest-30,train,lowest_train_summary/mobilenetv2_stageF_lowest_30_train_summary151_160.csv,mobilenetv2_stageF_lowest_30,Train,91.5882768745582,91.43610574951882,89.7645128861693,90.41069182921206,0.2263044456894631,adjusted_norm_sqrt_inv,Ephedra alata Decne.,Deverra triradiata Hochst. ex Boiss.,Peganum harmala L.,19,16,21.102032399177553,160,lowest_30,0.915882768745582,0.9143610574951881,0.897645128861693,0.9041069182921205,0.2263044456894631
Lowest-30,train,lowest_train_summary/mobilenetv2_stageF_lowest_30_train_summary161_180.csv,mobilenetv2_stageF_lowest_30,Train,92.20814528845632,92.1530296120039,90.56580503450276,91.16659712225612,0.1971931424494022,adjusted_norm_sqrt_inv,Ephedra alata Decne.,Zygophyllum coccineum,Peganum harmala L.,22,16,21.235090231895448,161,lowest_30,0.9220814528845632,0.921530296120039,0.9056580503450276,0.9116659712225612,0.1971931424494022
Lowest-30,train,lowest_train_summary/mobilenetv2_stageF_lowest_30_train_summary161_180.csv,mobilenetv2_stageF_lowest_30,Train,92.43651786199771,92.23092744016084,90.70325030473956,91.3071731199734,0.1914317435479682,adjusted_norm_sqrt_inv,Ephedra alata Decne.,Stachys aegyptiaca Pers.,Peganum harmala L.,20,16,22.855043264230098,162,lowest_30,0.9243651786199771,0.9223092744016084,0.9070325030473956,0.913071731199734,0.1914317435479682
Lowest-30,train,lowest_train_summary/mobilenetv2_stageF_lowest_30_train_summary161_180.csv,mobilenetv2_stageF_lowest_30,Train,92.61595345549452,92.32469281700229,91.07293671203564,91.56635542979586,0.1892112566530704,adjusted_norm_sqrt_inv,Ephedra alata Decne.,Rumex vesicarius L.,Peganum harmala L.,20,16,21.974283981323243,163,lowest_30,0.9261595345549452,0.9232469281700229,0.9107293671203565,0.9156635542979586,0.1892112566530704
Lowest-30,train,lowest_train_summary/mobilenetv2_stageF_lowest_30_train_summary161_180.csv,mobilenetv2_stageF_lowest_30,Train,92.3930183241803,92.28113759632711,90.66307937202345,91.2873548397556,0.1866564798225527,adjusted_norm_sqrt_inv,Ephedra alata Decne.,Stachys aegyptiaca Pers.,Peganum harmala L.,20,16,21.38844241698583,164,lowest_30,0.923930183241803,0.9228113759632711,0.9066307937202345,0.912873548397556,0.1866564798225527
Lowest-30,train,lowest_train_summary/mobilenetv2_stageF_lowest_30_train_summary161_180.csv,mobilenetv2_stageF_lowest_30,Train,92.67576531999347,92.38393042841967,91.30912880547815,91.7085807258174,0.1819364070795152,adjusted_norm_sqrt_inv,Ephedra alata Decne.,Anabasis setifera Moq.,Peganum harmala L.,20,16,21.37441894610723,165,lowest_30,0.9267576531999347,0.9238393042841967,0.9130912880547816,0.917085807258174,0.1819364070795152
Lowest-30,train,lowest_train_summary/mobilenetv2_stageF_lowest_30_train_summary161_180.csv,mobilenetv2_stageF_lowest_30,Train,92.70295253112936,92.46558767741011,91.07227577838864,91.62794829967504,0.1891233066534218,adjusted_norm_sqrt_inv,Ephedra alata Decne.,Gymnocarpos decander Forssk.,others,21,16,21.621549650033316,166,lowest_30,0.9270295253112936,0.9246558767741011,0.9107227577838864,0.9162794829967504,0.1891233066534218
Lowest-30,train,lowest_train_summary/mobilenetv2_stageF_lowest_30_train_summary161_180.csv,mobilenetv2_stageF_lowest_30,Train,92.59420368658584,92.71071165424938,91.1198427022736,91.75651980056573,0.1803397033395974,adjusted_norm_sqrt_inv,Ephedra alata Decne.,Zygophyllum coccineum,others,23,16,21.180082913239797,167,lowest_30,0.9259420368658584,0.9271071165424938,0.911198427022736,0.9175651980056573,0.1803397033395974
Lowest-30,train,lowest_train_summary/mobilenetv2_stageF_lowest_30_train_summary161_180.csv,mobilenetv2_stageF_lowest_30,Train,92.60507857104018,92.4410573489562,91.07448675212729,91.61050313292424,0.1811388621706029,adjusted_norm_sqrt_inv,Ephedra alata Decne.,Cebatha pendula (J.R.Forst. & G.Forst.) Kuntze,Peganum harmala L.,21,16,21.320394786198936,168,lowest_30,0.9260507857104018,0.924410573489562,0.9107448675212728,0.9161050313292424,0.1811388621706029
Lowest-30,train,lowest_train_summary/mobilenetv2_stageF_lowest_30_train_summary161_180.csv,mobilenetv2_stageF_lowest_30,Train,93.00201185362404,92.89738641521429,91.6010064274185,92.09810500214088,0.1711541890150503,adjusted_norm_sqrt_inv,Ephedra alata Decne.,Anabasis setifera Moq.,Peganum harmala L.,20,16,21.443097750345867,169,lowest_30,0.9300201185362404,0.9289738641521429,0.916010064274185,0.9209810500214088,0.1711541890150503
Lowest-30,train,lowest_train_summary/mobilenetv2_stageF_lowest_30_train_summary161_180.csv,mobilenetv2_stageF_lowest_30,Train,93.26300908052852,92.74252096584672,91.5494691919066,92.03470519324212,0.1666272795540483,adjusted_norm_sqrt_inv,Ephedra alata Decne.,Gymnocarpos decander Forssk.,Peganum harmala L.,20,16,21.201664463678995,170,lowest_30,0.9326300908052851,0.9274252096584672,0.915494691919066,0.9203470519324212,0.1666272795540483
Lowest-30,train,lowest_train_summary/mobilenetv2_stageF_lowest_30_train_summary161_180.csv,mobilenetv2_stageF_lowest_30,Train,92.30601924854548,92.07124114702988,90.55361236460791,91.16234259335434,0.2006493011181769,adjusted_norm_sqrt_inv,Ephedra alata Decne.,Cebatha pendula (J.R.Forst. & G.Forst.) Kuntze,others,19,16,24.0991575161616,171,lowest_30,0.9230601924854548,0.9207124114702988,0.9055361236460792,0.9116234259335434,0.2006493011181769
Lowest-30,train,lowest_train_summary/mobilenetv2_stageF_lowest_30_train_summary161_180.csv,mobilenetv2_stageF_lowest_30,Train,91.8655864281442,91.71209023432569,90.39956107261156,90.92268377161282,0.2036653745935663,adjusted_norm_sqrt_inv,Ephedra alata Decne.,Iphiona mucronata (Forssk.) Asch. & Schweinf.,Peganum harmala L.,22,16,24.47544301350911,172,lowest_30,0.918655864281442,0.9171209023432568,0.9039956107261156,0.9092268377161282,0.2036653745935663
Lowest-30,train,lowest_train_summary/mobilenetv2_stageF_lowest_30_train_summary161_180.csv,mobilenetv2_stageF_lowest_30,Train,92.2570822685009,91.88974614979692,90.72619724984884,91.1738162461745,0.1988819971065158,adjusted_norm_sqrt_inv,Ephedra alata Decne.,Zygophyllum coccineum,Peganum harmala L.,21,16,24.23012081384659,173,lowest_30,0.9225708226850089,0.9188974614979692,0.9072619724984884,0.911738162461745,0.1988819971065158
Lowest-30,train,lowest_train_summary/mobilenetv2_stageF_lowest_30_train_summary161_180.csv,mobilenetv2_stageF_lowest_30,Train,92.2570822685009,92.27423114423112,90.766423337443,91.36551715182031,0.1915131239949361,adjusted_norm_sqrt_inv,Echinops glaberrimus DC.,Gymnocarpos decander Forssk.,Peganum harmala L.,22,16,24.466878084341683,174,lowest_30,0.9225708226850089,0.9227423114423112,0.90766423337443,0.9136551715182031,0.1915131239949361
Lowest-30,train,lowest_train_summary/mobilenetv2_stageF_lowest_30_train_summary161_180.csv,mobilenetv2_stageF_lowest_30,Train,92.70295253112936,92.56056527502771,91.07078299658257,91.67417517169577,0.183180927167768,adjusted_norm_sqrt_inv,Ephedra alata Decne.,Lycium shawii Roem. & Schult.,Peganum harmala L.,21,16,25.646227300167084,175,lowest_30,0.9270295253112936,0.9256056527502772,0.9107078299658257,0.9167417517169576,0.183180927167768
Lowest-30,train,lowest_train_summary/mobilenetv2_stageF_lowest_30_train_summary161_180.csv,mobilenetv2_stageF_lowest_30,Train,92.26251971072809,92.15652985681258,90.93470280092248,91.40443466848124,0.1948067188238644,adjusted_norm_sqrt_inv,Ephedra alata Decne.,Zygophyllum coccineum,others,21,16,25.4290602127711,176,lowest_30,0.9226251971072809,0.9215652985681259,0.9093470280092248,0.9140443466848125,0.1948067188238644
Lowest-30,train,lowest_train_summary/mobilenetv2_stageF_lowest_30_train_summary161_180.csv,mobilenetv2_stageF_lowest_30,Train,92.4202055353162,92.41917914014536,91.15300632152264,91.63960926399646,0.1869806974996691,adjusted_norm_sqrt_inv,Ephedra alata Decne.,Cebatha pendula (J.R.Forst. & G.Forst.) Kuntze,Peganum harmala L.,22,16,25.5455060005188,177,lowest_30,0.924202055353162,0.9241917914014536,0.9115300632152263,0.9163960926399646,0.1869806974996691
Lowest-30,train,lowest_train_summary/mobilenetv2_stageF_lowest_30_train_summary161_180.csv,mobilenetv2_stageF_lowest_30,Train,92.507204610951,92.54913946596356,91.22447308422429,91.75072195386906,0.1923493696652028,adjusted_norm_sqrt_inv,Ephedra alata Decne.,Cebatha pendula (J.R.Forst. & G.Forst.) Kuntze,others,20,16,25.33939839998881,178,lowest_30,0.9250720461095101,0.9254913946596356,0.9122447308422429,0.9175072195386906,0.1923493696652028
Lowest-30,train,lowest_train_summary/mobilenetv2_stageF_lowest_30_train_summary161_180.csv,mobilenetv2_stageF_lowest_30,Train,92.38214343972597,92.12792936789636,90.60352904693444,91.20313990333496,0.1855152645804312,adjusted_norm_sqrt_inv,Ephedra alata Decne.,Zygophyllum coccineum,Peganum harmala L.,21,16,25.291929399967195,179,lowest_30,0.9238214343972596,0.9212792936789636,0.9060352904693444,0.9120313990333496,0.1855152645804312
Lowest-30,train,lowest_train_summary/mobilenetv2_stageF_lowest_30_train_summary161_180.csv,mobilenetv2_stageF_lowest_30,Train,92.47457995758796,92.0841568444341,91.25302278788767,91.54923100859392,0.1808478345317037,adjusted_norm_sqrt_inv,Ephedra alata Decne.,Atriplex halimus L.,Peganum harmala L.,19,16,26.08056211868922,180,lowest_30,0.9247457995758797,0.9208415684443411,0.9125302278788767,0.9154923100859392,0.1808478345317037
Lowest-30,train,lowest_train_summary/mobilenetv2_stageF_lowest_30_train_summary181_182.csv,mobilenetv2_stageF_lowest_30,Train,94.90511663313578,94.70466384110878,93.56572616691308,94.03405054185896,0.1259619776667703,adjusted_norm_sqrt_inv,Echinops glaberrimus DC.,Stachys aegyptiaca Pers.,Peganum harmala L.,21,16,25.268003515402476,181,lowest_30,0.9490511663313578,0.9470466384110878,0.9356572616691308,0.9403405054185896,0.1259619776667703
Lowest-30,train,lowest_train_summary/mobilenetv2_stageF_lowest_30_train_summary181_182.csv,mobilenetv2_stageF_lowest_30,Train,95.30748735794684,95.07833606628824,94.25243653397098,94.58977015437812,0.1106178797951535,adjusted_norm_sqrt_inv,Echinops glaberrimus DC.,Diplotaxis harra (Forssk.) Boiss.,Peganum harmala L.,20,16,31.49124411741893,182,lowest_30,0.9530748735794684,0.9507833606628825,0.9425243653397097,0.9458977015437812,0.1106178797951535
Lowest-30,train,lowest_train_summary/mobilenetv2_stageF_lowest_30_train_summary183_190.csv,mobilenetv2_stageF_lowest_30,Train,95.60110923821436,95.1814037620381,94.5455098456474,94.80244682488052,0.1032002431571321,adjusted_norm_sqrt_inv,Ephedra alata Decne.,Calotropis procera,Peganum harmala L.,20,16,23.66781611442566,183,lowest_30,0.9560110923821437,0.951814037620381,0.945455098456474,0.9480244682488052,0.1032002431571321
Lowest-30,train,lowest_train_summary/mobilenetv2_stageF_lowest_30_train_summary183_190.csv,mobilenetv2_stageF_lowest_30,Train,95.51411016257951,95.37219254618508,94.65599572632424,94.94643035225025,0.1008867733289852,adjusted_norm_sqrt_inv,Ephedra alata Decne.,Zygophyllum arabicum (L.) Christenh. & Byng,others,21,16,23.53123039801915,184,lowest_30,0.9551411016257951,0.9537219254618508,0.9465599572632424,0.9494643035225024,0.1008867733289852
Lowest-30,train,lowest_train_summary/mobilenetv2_stageF_lowest_30_train_summary183_190.csv,mobilenetv2_stageF_lowest_30,Train,95.69898319830352,95.48394717937256,94.79770575261456,95.07624009494944,0.098465598107761,adjusted_norm_sqrt_inv,Echinops glaberrimus DC.,Stachys aegyptiaca Pers.,Peganum harmala L.,21,16,22.71815021832784,185,lowest_30,0.9569898319830352,0.9548394717937256,0.9479770575261456,0.9507624009494944,0.098465598107761
Lowest-30,train,lowest_train_summary/mobilenetv2_stageF_lowest_30_train_summary183_190.csv,mobilenetv2_stageF_lowest_30,Train,95.59567179598716,95.35293283950728,94.50838616894832,94.86081119818728,0.1017659394692062,adjusted_norm_sqrt_inv,Ephedra alata Decne.,Anabasis setifera Moq.,Peganum harmala L.,20,16,22.98708461523056,186,lowest_30,0.9559567179598716,0.9535293283950728,0.9450838616894832,0.9486081119818728,0.1017659394692062
Lowest-30,train,lowest_train_summary/mobilenetv2_stageF_lowest_30_train_summary183_190.csv,mobilenetv2_stageF_lowest_30,Train,95.74792017834812,95.44176535325596,94.75141489676103,95.04284829230052,0.0942350899541507,adjusted_norm_sqrt_inv,Ephedra alata Decne.,Gymnocarpos decander Forssk.,Peganum harmala L.,21,16,26.338606297969815,187,lowest_30,0.9574792017834812,0.9544176535325596,0.9475141489676103,0.9504284829230052,0.0942350899541507
Lowest-30,train,lowest_train_summary/mobilenetv2_stageF_lowest_30_train_summary183_190.csv,mobilenetv2_stageF_lowest_30,Train,95.69898319830352,95.4049926191958,94.77278978949954,95.03275029284823,0.0945558383356293,adjusted_norm_sqrt_inv,Ephedra alata Decne.,Zygophyllum arabicum (L.) Christenh. & Byng,Peganum harmala L.,22,16,29.02981964747111,188,lowest_30,0.9569898319830352,0.9540499261919579,0.9477278978949955,0.9503275029284823,0.0945558383356293
Lowest-30,train,lowest_train_summary/mobilenetv2_stageF_lowest_30_train_summary183_190.csv,mobilenetv2_stageF_lowest_30,Train,95.84035669621012,95.69320996838324,95.03830487207443,95.30628344298064,0.0908317754073473,adjusted_norm_sqrt_inv,Ephedra alata Decne.,Cenchrus divisus,Peganum harmala L.,22,16,24.646022164821623,189,lowest_30,0.9584035669621013,0.9569320996838324,0.9503830487207443,0.9530628344298064,0.0908317754073473
Lowest-30,train,lowest_train_summary/mobilenetv2_stageF_lowest_30_train_summary183_190.csv,mobilenetv2_stageF_lowest_30,Train,95.76966994725682,95.50583137511067,95.00616157707624,95.19561362279056,0.0900250107179517,adjusted_norm_sqrt_inv,Ephedra alata Decne.,Lycium shawii Roem. & Schult.,others,20,16,24.240730567773184,190,lowest_30,0.9576966994725682,0.9550583137511067,0.9500616157707624,0.9519561362279056,0.0900250107179517
Lowest-30,train,lowest_train_summary/mobilenetv2_stageF_lowest_30_train_summary191_200.csv,mobilenetv2_stageF_lowest_30,Train,95.8186069273014,95.5035554742626,95.01436797557776,95.20353939802376,0.0893753578764912,adjusted_norm_sqrt_inv,Ephedra alata Decne.,Deverra triradiata Hochst. ex Boiss.,Peganum harmala L.,22,16,22.62525514761607,191,lowest_30,0.958186069273014,0.955035554742626,0.9501436797557775,0.9520353939802376,0.0893753578764912
Lowest-30,train,lowest_train_summary/mobilenetv2_stageF_lowest_30_train_summary191_200.csv,mobilenetv2_stageF_lowest_30,Train,96.00891740525256,95.6133320557967,95.05636710663936,95.290768710201,0.0866770720386715,adjusted_norm_sqrt_inv,Echinops glaberrimus DC.,Rumex vesicarius L.,Peganum harmala L.,21,16,24.609311934312185,192,lowest_30,0.9600891740525256,0.9561333205579671,0.9505636710663936,0.9529076871020099,0.0866770720386715
Lowest-30,train,lowest_train_summary/mobilenetv2_stageF_lowest_30_train_summary191_200.csv,mobilenetv2_stageF_lowest_30,Train,96.01435484747977,95.6194622057764,95.12265223148894,95.3126380591395,0.0862876032604633,adjusted_norm_sqrt_inv,Heliotropium arbainense Fresen.,Stachys aegyptiaca Pers.,Peganum harmala L.,24,16,25.40415466626485,193,lowest_30,0.9601435484747977,0.956194622057764,0.9512265223148895,0.953126380591395,0.0862876032604633
Lowest-30,train,lowest_train_summary/mobilenetv2_stageF_lowest_30_train_summary191_200.csv,mobilenetv2_stageF_lowest_30,Train,96.16116578761353,96.07917303379138,95.22057420998696,95.59300137703973,0.0837706059922018,adjusted_norm_sqrt_inv,Heliotropium arbainense Fresen.,Diplotaxis harra (Forssk.) Boiss.,Peganum harmala L.,22,16,23.44192718664805,194,lowest_30,0.9616116578761352,0.9607917303379138,0.9522057420998696,0.9559300137703972,0.0837706059922018
Lowest-30,train,lowest_train_summary/mobilenetv2_stageF_lowest_30_train_summary191_200.csv,mobilenetv2_stageF_lowest_30,Train,96.26991463215704,95.99474110347178,95.49964584407716,95.69866196020811,0.0828842125592105,adjusted_norm_sqrt_inv,Ephedra alata Decne.,Diplotaxis harra (Forssk.) Boiss.,Peganum harmala L.,22,16,23.430564550558724,195,lowest_30,0.9626991463215704,0.9599474110347178,0.9549964584407716,0.9569866196020811,0.0828842125592105
Lowest-30,train,lowest_train_summary/mobilenetv2_stageF_lowest_30_train_summary191_200.csv,mobilenetv2_stageF_lowest_30,Train,96.40041324560929,96.07683250728635,95.69569298296972,95.8465092030768,0.0793067667748698,adjusted_norm_sqrt_inv,Ephedra alata Decne.,Diplotaxis harra (Forssk.) Boiss.,others,21,16,24.235965315500895,196,lowest_30,0.9640041324560928,0.9607683250728636,0.9569569298296972,0.958465092030768,0.0793067667748698
Lowest-30,train,lowest_train_summary/mobilenetv2_stageF_lowest_30_train_summary191_200.csv,mobilenetv2_stageF_lowest_30,Train,96.28622695883855,95.9327688713454,95.42492522908589,95.63220403221816,0.0774692130552442,adjusted_norm_sqrt_inv,Ephedra alata Decne.,Deverra triradiata Hochst. ex Boiss.,others,20,16,25.81386435031891,197,lowest_30,0.9628622695883855,0.959327688713454,0.9542492522908589,0.9563220403221816,0.0774692130552442
Lowest-30,train,lowest_train_summary/mobilenetv2_stageF_lowest_30_train_summary191_200.csv,mobilenetv2_stageF_lowest_30,Train,96.47653743678974,96.2077522875231,95.50111005821384,95.80372652909956,0.0777134622730638,adjusted_norm_sqrt_inv,Ephedra alata Decne.,Cebatha pendula (J.R.Forst. & G.Forst.) Kuntze,Peganum harmala L.,21,16,22.519613413016,198,lowest_30,0.9647653743678974,0.9620775228752311,0.9550111005821385,0.9580372652909956,0.0777134622730638
Lowest-30,train,lowest_train_summary/mobilenetv2_stageF_lowest_30_train_summary191_200.csv,mobilenetv2_stageF_lowest_30,Train,96.42760045674515,96.0654648410561,95.61173750913906,95.79321382568088,0.0763093587658975,adjusted_norm_sqrt_inv,Ephedra alata Decne.,Deverra triradiata Hochst. ex Boiss.,Peganum harmala L.,22,16,25.4374605456988,199,lowest_30,0.9642760045674516,0.960654648410561,0.9561173750913906,0.9579321382568088,0.0763093587658975
Lowest-30,train,lowest_train_summary/mobilenetv2_stageF_lowest_30_train_summary191_200.csv,mobilenetv2_stageF_lowest_30,Train,96.56353651242456,96.35057792337328,95.78149489498573,96.02725933341048,0.074860374072931,adjusted_norm_sqrt_inv,Ephedra alata Decne.,Stachys aegyptiaca Pers.,Peganum harmala L.,22,16,29.23381909529368,200,lowest_30,0.9656353651242456,0.9635057792337328,0.9578149489498573,0.9602725933341049,0.074860374072931
Lowest-30,train,lowest_train_summary/mobilenetv2_stageF_lowest_30_train_summary201_220.csv,mobilenetv2_stageF_lowest_30,Train,96.47653743678974,96.23481132413254,95.63567877022496,95.88271713097356,0.0748336502242549,adjusted_norm_sqrt_inv,Echinops glaberrimus DC.,Lycium shawii Roem. & Schult.,Peganum harmala L.,20,16,22.561670537789663,201,lowest_30,0.9647653743678974,0.9623481132413254,0.9563567877022495,0.9588271713097356,0.0748336502242549
Lowest-30,train,lowest_train_summary/mobilenetv2_stageF_lowest_30_train_summary201_220.csv,mobilenetv2_stageF_lowest_30,Train,96.69403512587678,96.54252524306676,95.907986029621,96.17847133726252,0.0691887061067087,adjusted_norm_sqrt_inv,Tamarix nilotica (Ehrenb.) Bunge,Anabasis setifera Moq.,Peganum harmala L.,21,16,25.99500571489334,202,lowest_30,0.9669403512587678,0.9654252524306677,0.95907986029621,0.9617847133726252,0.0691887061067087
Lowest-30,train,lowest_train_summary/mobilenetv2_stageF_lowest_30_train_summary201_220.csv,mobilenetv2_stageF_lowest_30,Train,96.52003697460717,96.2198644502605,95.79280136376347,95.96891179623556,0.0723086924233433,adjusted_norm_sqrt_inv,Heliotropium arbainense Fresen.,Stachys aegyptiaca Pers.,Peganum harmala L.,20,16,27.182823117574056,203,lowest_30,0.9652003697460717,0.9621986445026051,0.9579280136376347,0.9596891179623556,0.0723086924233433
Lowest-30,train,lowest_train_summary/mobilenetv2_stageF_lowest_30_train_summary201_220.csv,mobilenetv2_stageF_lowest_30,Train,96.732097221467,96.44282781631183,95.90721458753563,96.13400568099368,0.070515605221381,adjusted_norm_sqrt_inv,Heliotropium arbainense Fresen.,Zygophyllum coccineum,Peganum harmala L.,22,16,25.720829931894936,204,lowest_30,0.9673209722146701,0.9644282781631184,0.9590721458753564,0.9613400568099368,0.070515605221381
Lowest-30,train,lowest_train_summary/mobilenetv2_stageF_lowest_30_train_summary201_220.csv,mobilenetv2_stageF_lowest_30,Train,96.76472187483007,96.76981756142564,96.09096648292471,96.39377670096307,0.0681779733875199,adjusted_norm_sqrt_inv,Ephedra alata Decne.,Stachys aegyptiaca Pers.,Peganum harmala L.,24,16,26.250325588385262,205,lowest_30,0.9676472187483007,0.9676981756142564,0.9609096648292471,0.9639377670096307,0.0681779733875199
Lowest-30,train,lowest_train_summary/mobilenetv2_stageF_lowest_30_train_summary201_220.csv,mobilenetv2_stageF_lowest_30,Train,96.71578489478549,96.56026711616404,96.03890564215274,96.25322585813603,0.0715205377077116,adjusted_norm_sqrt_inv,Ephedra alata Decne.,Zygophyllum coccineum,Peganum harmala L.,24,16,26.879999919732413,206,lowest_30,0.9671578489478548,0.9656026711616404,0.9603890564215274,0.9625322585813604,0.0715205377077116
Lowest-30,train,lowest_train_summary/mobilenetv2_stageF_lowest_30_train_summary201_220.csv,mobilenetv2_stageF_lowest_30,Train,96.95503235278125,96.7040103503862,96.32284475025608,96.4812478496517,0.0658603042896594,adjusted_norm_sqrt_inv,Ephedra alata Decne.,Anabasis setifera Moq.,Peganum harmala L.,21,16,25.451721465587617,207,lowest_30,0.9695503235278125,0.9670401035038619,0.9632284475025608,0.964812478496517,0.0658603042896594
Lowest-30,train,lowest_train_summary/mobilenetv2_stageF_lowest_30_train_summary201_220.csv,mobilenetv2_stageF_lowest_30,Train,96.59616116578762,96.48933326789326,95.78861343513437,96.10280451849304,0.0682604216887494,adjusted_norm_sqrt_inv,Zygophyllum molle (Delile) Christenh. & Byng,Gymnocarpos decander Forssk.,Peganum harmala L.,24,16,25.551521321137745,208,lowest_30,0.9659616116578762,0.9648933326789326,0.9578861343513436,0.9610280451849305,0.0682604216887494
Lowest-30,train,lowest_train_summary/mobilenetv2_stageF_lowest_30_train_summary201_220.csv,mobilenetv2_stageF_lowest_30,Train,96.84084606601054,96.61320542379572,96.23775796916765,96.39343797420862,0.0644510276169192,adjusted_norm_sqrt_inv,Ephedra alata Decne.,Zygophyllum arabicum (L.) Christenh. & Byng,Peganum harmala L.,21,16,25.849898533026376,209,lowest_30,0.9684084606601054,0.9661320542379572,0.9623775796916765,0.9639343797420863,0.0644510276169192
Lowest-30,train,lowest_train_summary/mobilenetv2_stageF_lowest_30_train_summary201_220.csv,mobilenetv2_stageF_lowest_30,Train,96.8952204882823,96.63766806677084,96.31534296959228,96.4509802991292,0.0664986574034328,adjusted_norm_sqrt_inv,Ephedra alata Decne.,Anabasis setifera Moq.,Peganum harmala L.,21,16,26.11661880016327,210,lowest_30,0.9689522048828231,0.9663766806677084,0.9631534296959228,0.964509802991292,0.0664986574034328
Lowest-30,train,lowest_train_summary/mobilenetv2_stageF_lowest_30_train_summary201_220.csv,mobilenetv2_stageF_lowest_30,Train,96.94415746832688,96.7080431191387,96.20770968887376,96.42621988741948,0.0630065245803891,adjusted_norm_sqrt_inv,Ephedra alata Decne.,Deverra triradiata Hochst. ex Boiss.,Peganum harmala L.,22,16,26.8350190838178,211,lowest_30,0.9694415746832687,0.967080431191387,0.9620770968887377,0.9642621988741947,0.0630065245803891
Lowest-30,train,lowest_train_summary/mobilenetv2_stageF_lowest_30_train_summary201_220.csv,mobilenetv2_stageF_lowest_30,Train,96.99309444837148,96.93442164441768,96.56532674377767,96.71810303308848,0.0586882162418054,adjusted_norm_sqrt_inv,Ephedra alata Decne.,Anabasis setifera Moq.,Salsola imbricata Forssk.,24,16,26.87252902984619,212,lowest_30,0.9699309444837148,0.9693442164441768,0.9656532674377768,0.9671810303308849,0.0586882162418054
Lowest-30,train,lowest_train_summary/mobilenetv2_stageF_lowest_30_train_summary201_220.csv,mobilenetv2_stageF_lowest_30,Train,96.94415746832688,96.73107976825143,96.3277021580068,96.49741472676914,0.0611341834197873,adjusted_norm_sqrt_inv,Heliotropium arbainense Fresen.,Rumex vesicarius L.,Peganum harmala L.,22,16,25.696673417091368,213,lowest_30,0.9694415746832687,0.9673107976825144,0.963277021580068,0.9649741472676914,0.0611341834197873
Lowest-30,train,lowest_train_summary/mobilenetv2_stageF_lowest_30_train_summary201_220.csv,mobilenetv2_stageF_lowest_30,Train,96.79734652819312,96.63346424874244,96.3354585901446,96.4540950137854,0.0633669333374532,adjusted_norm_sqrt_inv,Zygophyllum molle (Delile) Christenh. & Byng,Diplotaxis harra (Forssk.) Boiss.,Peganum harmala L.,21,16,26.319943467775985,214,lowest_30,0.9679734652819312,0.9663346424874244,0.963354585901446,0.964540950137854,0.0633669333374532
Lowest-30,train,lowest_train_summary/mobilenetv2_stageF_lowest_30_train_summary201_220.csv,mobilenetv2_stageF_lowest_30,Train,96.90065793050948,96.89885467868837,96.31337882742028,96.57055360540664,0.0629472225880169,adjusted_norm_sqrt_inv,Ephedra alata Decne.,Lycium shawii Roem. & Schult.,others,20,16,27.449109717210135,215,lowest_30,0.9690065793050948,0.9689885467868836,0.9631337882742028,0.9657055360540664,0.0629472225880169
Lowest-30,train,lowest_train_summary/mobilenetv2_stageF_lowest_30_train_summary201_220.csv,mobilenetv2_stageF_lowest_30,Train,97.02028165950736,96.86720481158022,96.30207872391875,96.54592580974348,0.0590642505657413,adjusted_norm_sqrt_inv,Ephedra alata Decne.,Rumex vesicarius L.,others,20,16,27.17142096757889,216,lowest_30_old,0.9702028165950736,0.9686720481158022,0.9630207872391875,0.9654592580974348,0.0590642505657413
Lowest-30,train,lowest_train_summary/mobilenetv2_stageF_lowest_30_train_summary201_220.csv,mobilenetv2_stageF_lowest_30,Train,97.14534283073242,97.11580244998572,96.409322701464,96.72810586340135,0.0592131718137787,adjusted_norm_sqrt_inv,Ephedra alata Decne.,Zygophyllum coccineum,others,22,16,25.16725370089213,217,lowest_30_old,0.9714534283073242,0.9711580244998572,0.9640932270146401,0.9672810586340135,0.0592131718137787
Lowest-30,train,lowest_train_summary/mobilenetv2_stageF_lowest_30_train_summary201_220.csv,mobilenetv2_stageF_lowest_30,Train,97.10728073514218,97.01843738586848,96.62089210915138,96.78958226595635,0.0589102939330041,adjusted_norm_sqrt_inv,Ephedra alata Decne.,Atriplex halimus L.,Peganum harmala L.,21,16,22.722909251848854,218,lowest_30_old,0.9710728073514219,0.9701843738586848,0.9662089210915138,0.9678958226595635,0.0589102939330041
Lowest-30,train,lowest_train_summary/mobilenetv2_stageF_lowest_30_train_summary201_220.csv,mobilenetv2_stageF_lowest_30,Train,97.18340492632264,97.07095374170056,96.58923015589696,96.80872387806924,0.0575728274536643,adjusted_norm_sqrt_inv,Echinops glaberrimus DC.,Anabasis setifera Moq.,others,22,16,22.740308368206023,219,lowest_30_old,0.9718340492632264,0.9707095374170056,0.9658923015589695,0.9680872387806925,0.0575728274536643
Lowest-30,train,lowest_train_summary/mobilenetv2_stageF_lowest_30_train_summary201_220.csv,mobilenetv2_stageF_lowest_30,Train,97.12359306182373,96.69639089027608,96.40285356468274,96.52190320839536,0.05838538174892,adjusted_norm_sqrt_inv,Echinops glaberrimus DC.,Diplotaxis harra (Forssk.) Boiss.,Peganum harmala L.,22,16,22.78524527947108,220,lowest_30_old,0.9712359306182372,0.9669639089027607,0.9640285356468274,0.9652190320839535,0.05838538174892
Lowest-30,train,lowest_train_summary/mobilenetv2_stageF_lowest_30_train_summary216_220.csv,mobilenetv2_stageF_lowest_30,Train,97.05290631287042,96.89075096259576,96.555363196719,96.69595076349674,0.0629130897522175,adjusted_norm_sqrt_inv,Zygophyllum molle (Delile) Christenh. & Byng,Anabasis setifera Moq.,Salsola imbricata Forssk.,21,16,23.451403653621675,216,lowest_30,0.9705290631287042,0.9689075096259576,0.96555363196719,0.9669595076349674,0.0629130897522175
Lowest-30,train,lowest_train_summary/mobilenetv2_stageF_lowest_30_train_summary216_220.csv,mobilenetv2_stageF_lowest_30,Train,97.194279810777,96.88906478559797,96.43428914915742,96.63242354656988,0.0587749707854717,adjusted_norm_sqrt_inv,Ephedra alata Decne.,Anabasis setifera Moq.,Peganum harmala L.,23,16,23.720446348190308,217,lowest_30,0.9719427981077701,0.9688906478559797,0.9643428914915743,0.9663242354656988,0.0587749707854717
Lowest-30,train,lowest_train_summary/mobilenetv2_stageF_lowest_30_train_summary216_220.csv,mobilenetv2_stageF_lowest_30,Train,97.09640585068784,97.08813349811358,96.51657320213594,96.77645936639296,0.0577369144172205,adjusted_norm_sqrt_inv,Echinops glaberrimus DC.,Atriplex halimus L.,others,21,16,24.539476883411407,218,lowest_30,0.9709640585068784,0.9708813349811358,0.9651657320213595,0.9677645936639295,0.0577369144172205
Lowest-30,train,lowest_train_summary/mobilenetv2_stageF_lowest_30_train_summary216_220.csv,mobilenetv2_stageF_lowest_30,Train,97.21059213745852,96.90023670307104,96.57786347388948,96.7182651512491,0.0594723202776589,adjusted_norm_sqrt_inv,Ephedra alata Decne.,Gymnocarpos decander Forssk.,Peganum harmala L.,22,16,22.46899753411611,219,lowest_30,0.9721059213745852,0.9690023670307104,0.9657786347388948,0.9671826515124909,0.0594723202776589
Lowest-30,train,lowest_train_summary/mobilenetv2_stageF_lowest_30_train_summary216_220.csv,mobilenetv2_stageF_lowest_30,Train,97.23777934859442,97.06204447866524,96.6962861172348,96.8535170501231,0.0562951884306359,adjusted_norm_sqrt_inv,Limonium pruinosum (L.) Chaz.,Anabasis setifera Moq.,Peganum harmala L.,22,16,28.263634169101714,220,lowest_30,0.9723777934859441,0.9706204447866524,0.9669628611723481,0.9685351705012311,0.0562951884306359
Lowest-30,validation,lowest_val_summary/mobilenetv2_stageF_lowest_30_val_summary128_140.csv,mobilenetv2_stageF_lowest_30,Validation,82.04985119047619,0.8449449819045689,0.8486259374556011,0.8379394407239704,0.721732799738385,norm_sqrt_inv,Zygophyllum molle (Delile) Christenh. & Byng,Suaeda aegyptiaca (Hasselq.) Zohary,Trichodesma africanum (L.) Sm.,18,16,7.62995198170344,128,lowest_30,0.8204985119047619,0.8449449819045689,0.8486259374556011,0.8379394407239704,0.721732799738385
Lowest-30,validation,lowest_val_summary/mobilenetv2_stageF_lowest_30_val_summary128_140.csv,mobilenetv2_stageF_lowest_30,Validation,82.49627976190476,0.8413017965629879,0.8520615593601295,0.8362868599997441,0.704484036778041,norm_sqrt_inv,Zygophyllum molle (Delile) Christenh. & Byng,Stachys aegyptiaca Pers.,Trichodesma africanum (L.) Sm.,16,16,7.491177833080291,129,lowest_30,0.8249627976190476,0.8413017965629879,0.8520615593601295,0.8362868599997441,0.704484036778041
Lowest-30,validation,lowest_val_summary/mobilenetv2_stageF_lowest_30_val_summary128_140.csv,mobilenetv2_stageF_lowest_30,Validation,82.18005952380952,0.8377517045100594,0.8500773596184787,0.8311334437016834,0.7174086081063225,norm_sqrt_inv,Zygophyllum molle (Delile) Christenh. & Byng,Peganum harmala L.,Trichodesma africanum (L.) Sm.,17,16,7.613751530647278,130,lowest_30,0.8218005952380952,0.8377517045100594,0.8500773596184787,0.8311334437016834,0.7174086081063225
Lowest-30,validation,lowest_val_summary/mobilenetv2_stageF_lowest_30_val_summary128_140.csv,mobilenetv2_stageF_lowest_30,Validation,82.90550595238095,0.8393855228737035,0.8542628239256342,0.8347300359852781,0.6582157296032711,norm_sqrt_inv,Iphiona mucronata (Forssk.) Asch. & Schweinf.,Diplotaxis harra (Forssk.) Boiss.,Farsetia aegyptia Turra,17,16,7.67402499516805,131,lowest_30,0.8290550595238095,0.8393855228737035,0.8542628239256342,0.8347300359852781,0.6582157296032711
Lowest-30,validation,lowest_val_summary/mobilenetv2_stageF_lowest_30_val_summary128_140.csv,mobilenetv2_stageF_lowest_30,Validation,83.83556547619048,0.842722350025084,0.862774098786179,0.8428004743008335,0.6246746403394949,norm_sqrt_inv,Iphiona mucronata (Forssk.) Asch. & Schweinf.,Ephedra alata Decne.,Farsetia aegyptia Turra,16,16,7.412749119599661,132,lowest_30,0.8383556547619048,0.842722350025084,0.862774098786179,0.8428004743008335,0.6246746403394949
Lowest-30,validation,lowest_val_summary/mobilenetv2_stageF_lowest_30_val_summary128_140.csv,mobilenetv2_stageF_lowest_30,Validation,83.27752976190476,0.8463274530703586,0.8600257858244433,0.8418046803080402,0.6355294711261831,norm_sqrt_inv,Iphiona mucronata (Forssk.) Asch. & Schweinf.,Zilla spinosa (L.) Prantl,Farsetia aegyptia Turra,16,16,7.374020715554555,133,lowest_30,0.8327752976190476,0.8463274530703586,0.8600257858244433,0.8418046803080402,0.6355294711261831
Lowest-30,validation,lowest_val_summary/mobilenetv2_stageF_lowest_30_val_summary128_140.csv,mobilenetv2_stageF_lowest_30,Validation,83.50074404761905,0.8457109660592346,0.8595091024286826,0.842405652020823,0.5988095389733417,norm_sqrt_inv,Iphiona mucronata (Forssk.) Asch. & Schweinf.,Zilla spinosa (L.) Prantl,Farsetia aegyptia Turra,18,16,7.439242565631867,134,lowest_30,0.8350074404761905,0.8457109660592346,0.8595091024286826,0.842405652020823,0.5988095389733417
Lowest-30,validation,lowest_val_summary/mobilenetv2_stageF_lowest_30_val_summary128_140.csv,mobilenetv2_stageF_lowest_30,Validation,83.61235119047619,0.8471016910629919,0.863649984235617,0.8442787890472275,0.6005943711449125,norm_sqrt_inv,Iphiona mucronata (Forssk.) Asch. & Schweinf.,Diplotaxis harra (Forssk.) Boiss.,Farsetia aegyptia Turra,17,16,7.361061831315358,135,lowest_30,0.8361235119047619,0.8471016910629919,0.863649984235617,0.8442787890472275,0.6005943711449125
Lowest-30,validation,lowest_val_summary/mobilenetv2_stageF_lowest_30_val_summary128_140.csv,mobilenetv2_stageF_lowest_30,Validation,84.765625,0.8566243452059649,0.8722973738743106,0.8550401360421438,0.5525408599828877,norm_sqrt_inv,Iphiona mucronata (Forssk.) Asch. & Schweinf.,Calotropis procera,Farsetia aegyptia Turra,17,16,7.483093134562174,136,lowest_30,0.84765625,0.8566243452059649,0.8722973738743106,0.8550401360421438,0.5525408599828877
Lowest-30,validation,lowest_val_summary/mobilenetv2_stageF_lowest_30_val_summary128_140.csv,mobilenetv2_stageF_lowest_30,Validation,84.5610119047619,0.8597988370144405,0.8716431942648127,0.8550585904131092,0.5669529336267969,norm_sqrt_inv,Zygophyllum molle (Delile) Christenh. & Byng,Zilla spinosa (L.) Prantl,Farsetia aegyptia Turra,17,16,7.422742636998494,137,lowest_30,0.845610119047619,0.8597988370144405,0.8716431942648127,0.8550585904131092,0.5669529336267969
Lowest-30,validation,lowest_val_summary/mobilenetv2_stageF_lowest_30_val_summary128_140.csv,mobilenetv2_stageF_lowest_30,Validation,84.91443452380952,0.8540405392665416,0.8746606945975689,0.8547307173395541,0.5425950515057626,norm_sqrt_inv,Iphiona mucronata (Forssk.) Asch. & Schweinf.,Salsola imbricata Forssk.,Farsetia aegyptia Turra,18,16,7.393996421496073,138,lowest_30,0.8491443452380952,0.8540405392665416,0.8746606945975689,0.8547307173395541,0.5425950515057626
Lowest-30,validation,lowest_val_summary/mobilenetv2_stageF_lowest_30_val_summary128_140.csv,mobilenetv2_stageF_lowest_30,Validation,85.26785714285714,0.8610217096173812,0.8782631205553066,0.8607960708718696,0.5498104147348742,norm_sqrt_inv,Cenchrus divisus,Diplotaxis harra (Forssk.) Boiss.,Farsetia aegyptia Turra,19,16,7.359422687689463,139,lowest_30,0.8526785714285714,0.8610217096173812,0.8782631205553066,0.8607960708718696,0.5498104147348742
Lowest-30,validation,lowest_val_summary/mobilenetv2_stageF_lowest_30_val_summary128_140.csv,mobilenetv2_stageF_lowest_30,Validation,85.65848214285714,0.8647554164757192,0.8777775658236369,0.8632466028634794,0.5289407792445204,norm_sqrt_inv,Zygophyllum molle (Delile) Christenh. & Byng,Gymnocarpos decander Forssk.,Farsetia aegyptia Turra,19,16,7.2955588499705,140,lowest_30,0.8565848214285714,0.8647554164757192,0.8777775658236369,0.8632466028634794,0.5289407792445204
Lowest-30,validation,lowest_val_summary/mobilenetv2_stageF_lowest_30_val_summary141_150.csv,mobilenetv2_stageF_lowest_30,Validation,85.52827380952381,0.8628800900331083,0.8774037740250688,0.8620133847319844,0.5126935542041987,norm_sqrt_inv,Zygophyllum molle (Delile) Christenh. & Byng,Ephedra alata Decne.,Farsetia aegyptia Turra,18,16,7.110100750128428,141,lowest_30,0.8552827380952381,0.8628800900331083,0.8774037740250688,0.8620133847319844,0.5126935542041987
Lowest-30,validation,lowest_val_summary/mobilenetv2_stageF_lowest_30_val_summary141_150.csv,mobilenetv2_stageF_lowest_30,Validation,85.24925595238095,0.8642342238721333,0.8773311494737106,0.8616859773653379,0.5383919854224305,norm_sqrt_inv,Cenchrus divisus,Zygophyllum coccineum,Farsetia aegyptia Turra,20,16,8.126611733436585,142,lowest_30,0.8524925595238095,0.8642342238721333,0.8773311494737106,0.8616859773653379,0.5383919854224305
Lowest-30,validation,lowest_val_summary/mobilenetv2_stageF_lowest_30_val_summary141_150.csv,mobilenetv2_stageF_lowest_30,Validation,85.37946428571429,0.8654751774001568,0.8780358721797719,0.8626714577606851,0.5419250344110489,norm_sqrt_inv,Cenchrus divisus,Suaeda aegyptiaca (Hasselq.) Zohary,Farsetia aegyptia Turra,19,16,9.01611501375834,143,lowest_30,0.8537946428571429,0.8654751774001568,0.8780358721797719,0.8626714577606851,0.5419250344110489
Lowest-30,validation,lowest_val_summary/mobilenetv2_stageF_lowest_30_val_summary141_150.csv,mobilenetv2_stageF_lowest_30,Validation,85.43526785714286,0.8719432876545631,0.8791767327917235,0.866278069590388,0.5363467382870714,norm_sqrt_inv,Cenchrus divisus,Suaeda aegyptiaca (Hasselq.) Zohary,Farsetia aegyptia Turra,20,16,7.984657414754232,144,lowest_30,0.8543526785714286,0.8719432876545631,0.8791767327917235,0.866278069590388,0.5363467382870714
Lowest-30,validation,lowest_val_summary/mobilenetv2_stageF_lowest_30_val_summary141_150.csv,mobilenetv2_stageF_lowest_30,Validation,86.08630952380952,0.86921837852938,0.8836520238512501,0.8681997952712338,0.5075017374871431,norm_sqrt_inv,Zygophyllum molle (Delile) Christenh. & Byng,Diplotaxis harra (Forssk.) Boiss.,Farsetia aegyptia Turra,19,16,7.726856112480164,145,lowest_30,0.8608630952380952,0.86921837852938,0.8836520238512501,0.8681997952712338,0.5075017374871431
Lowest-30,validation,lowest_val_summary/mobilenetv2_stageF_lowest_30_val_summary141_150.csv,mobilenetv2_stageF_lowest_30,Validation,85.02604166666667,0.8637551265485546,0.8738304421431626,0.8605636037452309,0.5407275125808481,norm_sqrt_inv,Iphiona mucronata (Forssk.) Asch. & Schweinf.,Deverra triradiata Hochst. ex Boiss.,Trichodesma africanum (L.) Sm.,19,16,7.561993829409281,146,lowest_30,0.8502604166666667,0.8637551265485546,0.8738304421431626,0.8605636037452309,0.5407275125808481
Lowest-30,validation,lowest_val_summary/mobilenetv2_stageF_lowest_30_val_summary141_150.csv,mobilenetv2_stageF_lowest_30,Validation,85.65848214285714,0.866659965198921,0.8796965561512732,0.8640393323129447,0.5266077380763661,norm_sqrt_inv,Cenchrus divisus,Deverra tortuosa (Desf.) DC.,Farsetia aegyptia Turra,18,16,7.264829468727112,147,lowest_30,0.8565848214285714,0.866659965198921,0.8796965561512732,0.8640393323129447,0.5266077380763661
Lowest-30,validation,lowest_val_summary/mobilenetv2_stageF_lowest_30_val_summary141_150.csv,mobilenetv2_stageF_lowest_30,Validation,86.08630952380952,0.8696063735035167,0.882610410175301,0.8678627370565437,0.5112380933903372,norm_sqrt_inv,Cenchrus divisus,Gymnocarpos decander Forssk.,Farsetia aegyptia Turra,18,16,7.713672018051147,148,lowest_30,0.8608630952380952,0.8696063735035167,0.882610410175301,0.8678627370565437,0.5112380933903372
Lowest-30,validation,lowest_val_summary/mobilenetv2_stageF_lowest_30_val_summary141_150.csv,mobilenetv2_stageF_lowest_30,Validation,85.26785714285714,0.8670295892853646,0.8761296171914708,0.8626227296800996,0.5307084331904683,norm_sqrt_inv,Cenchrus divisus,Gymnocarpos decander Forssk.,Farsetia aegyptia Turra,19,16,7.817733112970988,149,lowest_30,0.8526785714285714,0.8670295892853646,0.8761296171914708,0.8626227296800996,0.5307084331904683
Lowest-30,validation,lowest_val_summary/mobilenetv2_stageF_lowest_30_val_summary141_150.csv,mobilenetv2_stageF_lowest_30,Validation,85.3422619047619,0.8656384734334089,0.8750668530218723,0.8607702757782101,0.5239512160479437,norm_sqrt_inv,Zygophyllum molle (Delile) Christenh. & Byng,others,Farsetia aegyptia Turra,18,16,7.757466665903727,150,lowest_30,0.853422619047619,0.8656384734334089,0.8750668530218723,0.8607702757782101,0.5239512160479437
Lowest-30,validation,lowest_val_summary/mobilenetv2_stageF_lowest_30_val_summary151_160.csv,mobilenetv2_stageF_lowest_30,Validation,86.81175595238095,0.8861857629117417,0.8912139163907302,0.8836727289355596,0.483554345730508,adjusted_norm_sqrt_inv,Rumex vesicarius L.,Suaeda aegyptiaca (Hasselq.) Zohary,Trichodesma africanum (L.) Sm.,20,16,7.529507299264272,151,lowest_30,0.8681175595238095,0.8861857629117417,0.8912139163907302,0.8836727289355596,0.483554345730508
Lowest-30,validation,lowest_val_summary/mobilenetv2_stageF_lowest_30_val_summary151_160.csv,mobilenetv2_stageF_lowest_30,Validation,87.5,0.8933230168597229,0.8951672668979492,0.8900469995157605,0.4487661605891758,adjusted_norm_sqrt_inv,Deverra triradiata Hochst. ex Boiss.,Suaeda aegyptiaca (Hasselq.) Zohary,Trichodesma africanum (L.) Sm.,20,16,7.49092835187912,152,lowest_30,0.875,0.8933230168597229,0.8951672668979492,0.8900469995157605,0.4487661605891758
Lowest-30,validation,lowest_val_summary/mobilenetv2_stageF_lowest_30_val_summary151_160.csv,mobilenetv2_stageF_lowest_30,Validation,87.63020833333333,0.8914289301039067,0.8941385674740387,0.8890067158771563,0.448912838226344,adjusted_norm_sqrt_inv,Zygophyllum molle (Delile) Christenh. & Byng,Echinops glaberrimus DC.,Trichodesma africanum (L.) Sm.,19,16,7.421636501948039,153,lowest_30,0.8763020833333333,0.8914289301039067,0.8941385674740387,0.8890067158771563,0.448912838226344
Lowest-30,validation,lowest_val_summary/mobilenetv2_stageF_lowest_30_val_summary151_160.csv,mobilenetv2_stageF_lowest_30,Validation,87.27678571428571,0.8895087760335477,0.8937534334147295,0.8878666206175136,0.4698221161587796,adjusted_norm_sqrt_inv,Rumex vesicarius L.,Suaeda aegyptiaca (Hasselq.) Zohary,Trichodesma africanum (L.) Sm.,19,16,7.164655248324077,154,lowest_30,0.8727678571428571,0.8895087760335477,0.8937534334147295,0.8878666206175136,0.4698221161587796
Lowest-30,validation,lowest_val_summary/mobilenetv2_stageF_lowest_30_val_summary151_160.csv,mobilenetv2_stageF_lowest_30,Validation,88.00223214285714,0.8994609090453018,0.8986810055208865,0.895644433183517,0.4437904567508407,adjusted_norm_sqrt_inv,Peganum harmala L.,Calotropis procera,Trichodesma africanum (L.) Sm.,17,16,7.360429131984711,155,lowest_30,0.8800223214285714,0.8994609090453018,0.8986810055208865,0.895644433183517,0.4437904567508407
Lowest-30,validation,lowest_val_summary/mobilenetv2_stageF_lowest_30_val_summary151_160.csv,mobilenetv2_stageF_lowest_30,Validation,87.66741071428571,0.8907406405492971,0.8938407050054475,0.8889324827612255,0.4307214874299699,adjusted_norm_sqrt_inv,Rumex vesicarius L.,Deverra triradiata Hochst. ex Boiss.,Trichodesma africanum (L.) Sm.,18,16,7.439841083685557,156,lowest_30,0.8766741071428571,0.8907406405492971,0.8938407050054475,0.8889324827612255,0.4307214874299699
Lowest-30,validation,lowest_val_summary/mobilenetv2_stageF_lowest_30_val_summary151_160.csv,mobilenetv2_stageF_lowest_30,Validation,87.2953869047619,0.8874377767661343,0.892309138305557,0.8861297583680768,0.4480873437811451,adjusted_norm_sqrt_inv,Rumex vesicarius L.,Gymnocarpos decander Forssk.,Trichodesma africanum (L.) Sm.,17,16,7.483257098992666,157,lowest_30,0.872953869047619,0.8874377767661343,0.892309138305557,0.8861297583680768,0.4480873437811451
Lowest-30,validation,lowest_val_summary/mobilenetv2_stageF_lowest_30_val_summary151_160.csv,mobilenetv2_stageF_lowest_30,Validation,86.9233630952381,0.8851490274030032,0.8884144793594914,0.8831542802773896,0.4619533044100037,adjusted_norm_sqrt_inv,Rumex vesicarius L.,others,Trichodesma africanum (L.) Sm.,18,16,7.10275186697642,158,lowest_30,0.869233630952381,0.8851490274030032,0.8884144793594914,0.8831542802773896,0.4619533044100037
Lowest-30,validation,lowest_val_summary/mobilenetv2_stageF_lowest_30_val_summary151_160.csv,mobilenetv2_stageF_lowest_30,Validation,87.57440476190476,0.8961755632078158,0.8943711609554498,0.8913252051964958,0.4596514865234742,adjusted_norm_sqrt_inv,Peganum harmala L.,Suaeda aegyptiaca (Hasselq.) Zohary,Trichodesma africanum (L.) Sm.,17,16,7.125357751051585,159,lowest_30,0.8757440476190476,0.8961755632078158,0.8943711609554498,0.8913252051964958,0.4596514865234742
Lowest-30,validation,lowest_val_summary/mobilenetv2_stageF_lowest_30_val_summary151_160.csv,mobilenetv2_stageF_lowest_30,Validation,87.83482142857143,0.8977087397154624,0.8962527497246894,0.8927774097088471,0.4526809887077953,adjusted_norm_sqrt_inv,Rumex vesicarius L.,Echinops glaberrimus DC.,Trichodesma africanum (L.) Sm.,19,16,7.332854243119558,160,lowest_30,0.8783482142857143,0.8977087397154624,0.8962527497246894,0.8927774097088471,0.4526809887077953
Lowest-30,validation,lowest_val_summary/mobilenetv2_stageF_lowest_30_val_summary161_180.csv,mobilenetv2_stageF_lowest_30,Validation,87.51860119047619,0.8961872610009514,0.8986115782230856,0.8929583732322817,0.4660701235446877,adjusted_norm_sqrt_inv,Rumex vesicarius L.,Suaeda aegyptiaca (Hasselq.) Zohary,Trichodesma africanum (L.) Sm.,20,16,7.366527632872264,161,lowest_30,0.8751860119047619,0.8961872610009514,0.8986115782230856,0.8929583732322817,0.4660701235446877
Lowest-30,validation,lowest_val_summary/mobilenetv2_stageF_lowest_30_val_summary161_180.csv,mobilenetv2_stageF_lowest_30,Validation,87.59300595238095,0.8955866516278537,0.8961052668586362,0.8923471255957801,0.4483922102597911,adjusted_norm_sqrt_inv,Rumex vesicarius L.,Suaeda aegyptiaca (Hasselq.) Zohary,Limonium pruinosum (L.) Chaz.,18,16,7.517464550336202,162,lowest_30,0.8759300595238095,0.8955866516278537,0.8961052668586362,0.8923471255957801,0.4483922102597911
Lowest-30,validation,lowest_val_summary/mobilenetv2_stageF_lowest_30_val_summary161_180.csv,mobilenetv2_stageF_lowest_30,Validation,87.6860119047619,0.8942655219047512,0.8945795384950977,0.8908114338840227,0.4523810647558764,adjusted_norm_sqrt_inv,Rumex vesicarius L.,Suaeda aegyptiaca (Hasselq.) Zohary,Trichodesma africanum (L.) Sm.,18,16,7.490125048160553,163,lowest_30,0.876860119047619,0.8942655219047512,0.8945795384950977,0.8908114338840227,0.4523810647558764
Lowest-30,validation,lowest_val_summary/mobilenetv2_stageF_lowest_30_val_summary161_180.csv,mobilenetv2_stageF_lowest_30,Validation,87.40699404761905,0.892147197172672,0.895732766447322,0.8903272558284816,0.4680642252393075,adjusted_norm_sqrt_inv,Rumex vesicarius L.,Suaeda aegyptiaca (Hasselq.) Zohary,Farsetia aegyptia Turra,18,16,7.380660518010457,164,lowest_30,0.8740699404761905,0.892147197172672,0.895732766447322,0.8903272558284816,0.4680642252393075
Lowest-30,validation,lowest_val_summary/mobilenetv2_stageF_lowest_30_val_summary161_180.csv,mobilenetv2_stageF_lowest_30,Validation,87.87202380952381,0.8974928251707704,0.8995266309528919,0.8946908932696652,0.4561142116255529,adjusted_norm_sqrt_inv,Peganum harmala L.,Gymnocarpos decander Forssk.,Farsetia aegyptia Turra,17,16,7.2714415470759075,165,lowest_30,0.8787202380952381,0.8974928251707704,0.8995266309528919,0.8946908932696652,0.4561142116255529
Lowest-30,validation,lowest_val_summary/mobilenetv2_stageF_lowest_30_val_summary161_180.csv,mobilenetv2_stageF_lowest_30,Validation,87.44419642857143,0.891416518117698,0.8928065734678926,0.888155446162041,0.4517252357192146,adjusted_norm_sqrt_inv,Iphiona mucronata (Forssk.) Asch. & Schweinf.,Gymnocarpos decander Forssk.,Trichodesma africanum (L.) Sm.,17,16,7.289038483301798,166,lowest_30,0.8744419642857143,0.891416518117698,0.8928065734678926,0.888155446162041,0.4517252357192146
Lowest-30,validation,lowest_val_summary/mobilenetv2_stageF_lowest_30_val_summary161_180.csv,mobilenetv2_stageF_lowest_30,Validation,87.57440476190476,0.8906428769764112,0.8975877591639112,0.8901943144124725,0.4568964853433824,adjusted_norm_sqrt_inv,Rumex vesicarius L.,Zygophyllum coccineum,Tamarix nilotica (Ehrenb.) Bunge,19,16,7.395622082551321,167,lowest_30,0.8757440476190476,0.8906428769764112,0.8975877591639112,0.8901943144124725,0.4568964853433824
Lowest-30,validation,lowest_val_summary/mobilenetv2_stageF_lowest_30_val_summary161_180.csv,mobilenetv2_stageF_lowest_30,Validation,86.9047619047619,0.8813753357157932,0.8876165427793666,0.8803696431386537,0.4710504603906862,adjusted_norm_sqrt_inv,Rumex vesicarius L.,Zygophyllum coccineum,Trichodesma africanum (L.) Sm.,19,16,7.341270864009857,168,lowest_30,0.869047619047619,0.8813753357157932,0.8876165427793666,0.8803696431386537,0.4710504603906862
Lowest-30,validation,lowest_val_summary/mobilenetv2_stageF_lowest_30_val_summary161_180.csv,mobilenetv2_stageF_lowest_30,Validation,87.46279761904762,0.8943300320657016,0.8939657338074184,0.8891725395928604,0.4795679111582233,adjusted_norm_sqrt_inv,Cenchrus divisus,Zygophyllum coccineum,Trichodesma africanum (L.) Sm.,17,16,7.294963304201762,169,lowest_30,0.8746279761904762,0.8943300320657016,0.8939657338074184,0.8891725395928604,0.4795679111582233
Lowest-30,validation,lowest_val_summary/mobilenetv2_stageF_lowest_30_val_summary161_180.csv,mobilenetv2_stageF_lowest_30,Validation,87.35119047619048,0.8956323917834137,0.8933642781625531,0.889828170004794,0.4756861732711665,adjusted_norm_sqrt_inv,Zygophyllum molle (Delile) Christenh. & Byng,Cebatha pendula (J.R.Forst. & G.Forst.) Kuntze,Trichodesma africanum (L.) Sm.,18,16,7.274037834008535,170,lowest_30,0.8735119047619048,0.8956323917834137,0.8933642781625531,0.889828170004794,0.4756861732711665
Lowest-30,validation,lowest_val_summary/mobilenetv2_stageF_lowest_30_val_summary161_180.csv,mobilenetv2_stageF_lowest_30,Validation,87.01636904761905,0.8886674043792588,0.8932047200753991,0.8862502040055616,0.4775850665821454,adjusted_norm_sqrt_inv,Iphiona mucronata (Forssk.) Asch. & Schweinf.,Diplotaxis harra (Forssk.) Boiss.,Trichodesma africanum (L.) Sm.,18,16,7.24458866516749,171,lowest_30,0.8701636904761905,0.8886674043792588,0.8932047200753991,0.8862502040055616,0.4775850665821454
Lowest-30,validation,lowest_val_summary/mobilenetv2_stageF_lowest_30_val_summary161_180.csv,mobilenetv2_stageF_lowest_30,Validation,87.36979166666667,0.8923599882328499,0.8945605332902903,0.8885857060177491,0.4735104527207048,adjusted_norm_sqrt_inv,Zygophyllum molle (Delile) Christenh. & Byng,Diplotaxis harra (Forssk.) Boiss.,Trichodesma africanum (L.) Sm.,20,16,7.328800368309021,172,lowest_30,0.8736979166666667,0.8923599882328499,0.8945605332902903,0.8885857060177491,0.4735104527207048
Lowest-30,validation,lowest_val_summary/mobilenetv2_stageF_lowest_30_val_summary161_180.csv,mobilenetv2_stageF_lowest_30,Validation,87.16517857142857,0.8897259773091435,0.8931377826344882,0.8869884508268724,0.4827595869314846,adjusted_norm_sqrt_inv,Zygophyllum molle (Delile) Christenh. & Byng,Echinops glaberrimus DC.,Trichodesma africanum (L.) Sm.,19,16,7.2372013886769615,173,lowest_30,0.8716517857142857,0.8897259773091435,0.8931377826344882,0.8869884508268724,0.4827595869314846
Lowest-30,validation,lowest_val_summary/mobilenetv2_stageF_lowest_30_val_summary161_180.csv,mobilenetv2_stageF_lowest_30,Validation,88.00223214285714,0.8983044081055553,0.8986941819202516,0.8952259740365952,0.442869797952637,adjusted_norm_sqrt_inv,Rumex vesicarius L.,Stachys aegyptiaca Pers.,Farsetia aegyptia Turra,18,16,7.253921616077423,174,lowest_30,0.8800223214285714,0.8983044081055553,0.8986941819202516,0.8952259740365952,0.442869797952637
Lowest-30,validation,lowest_val_summary/mobilenetv2_stageF_lowest_30_val_summary161_180.csv,mobilenetv2_stageF_lowest_30,Validation,87.03497023809524,0.8869793505825417,0.8931784018115467,0.8859416011929737,0.4759488333087293,adjusted_norm_sqrt_inv,Zygophyllum molle (Delile) Christenh. & Byng,Gymnocarpos decander Forssk.,Trichodesma africanum (L.) Sm.,19,16,7.973387114206949,175,lowest_30,0.8703497023809524,0.8869793505825417,0.8931784018115467,0.8859416011929737,0.4759488333087293
Lowest-30,validation,lowest_val_summary/mobilenetv2_stageF_lowest_30_val_summary161_180.csv,mobilenetv2_stageF_lowest_30,Validation,87.40699404761905,0.8917735592206619,0.8947192667130534,0.8894510153824513,0.468807595502989,adjusted_norm_sqrt_inv,Rumex vesicarius L.,Gymnocarpos decander Forssk.,Trichodesma africanum (L.) Sm.,18,15,7.980805865923563,176,lowest_30,0.8740699404761905,0.8917735592206619,0.8947192667130534,0.8894510153824513,0.468807595502989
Lowest-30,validation,lowest_val_summary/mobilenetv2_stageF_lowest_30_val_summary161_180.csv,mobilenetv2_stageF_lowest_30,Validation,87.5,0.8949980596887406,0.8928389508911526,0.8900708126248976,0.4522257966095497,adjusted_norm_sqrt_inv,Cenchrus divisus,Suaeda aegyptiaca (Hasselq.) Zohary,Trichodesma africanum (L.) Sm.,18,16,7.964989582697551,177,lowest_30,0.875,0.8949980596887406,0.8928389508911526,0.8900708126248976,0.4522257966095497
Lowest-30,validation,lowest_val_summary/mobilenetv2_stageF_lowest_30_val_summary161_180.csv,mobilenetv2_stageF_lowest_30,Validation,87.42559523809524,0.8946188961333484,0.8950600622670288,0.8909302351451149,0.4885826499180926,adjusted_norm_sqrt_inv,Rumex vesicarius L.,Echinops glaberrimus DC.,Nitraria retusa (Forssk.) Asch.,18,16,7.940943233172098,178,lowest_30,0.8742559523809524,0.8946188961333484,0.8950600622670288,0.8909302351451149,0.4885826499180926
Lowest-30,validation,lowest_val_summary/mobilenetv2_stageF_lowest_30_val_summary161_180.csv,mobilenetv2_stageF_lowest_30,Validation,87.40699404761905,0.8882093930748519,0.896680665549722,0.8886450025720022,0.4590508956182042,adjusted_norm_sqrt_inv,Iphiona mucronata (Forssk.) Asch. & Schweinf.,Zygophyllum coccineum,Trichodesma africanum (L.) Sm.,17,16,8.486740287144979,179,lowest_30,0.8740699404761905,0.8882093930748519,0.896680665549722,0.8886450025720022,0.4590508956182042
Lowest-30,validation,lowest_val_summary/mobilenetv2_stageF_lowest_30_val_summary161_180.csv,mobilenetv2_stageF_lowest_30,Validation,87.53720238095238,0.8936529915856052,0.8962255922640983,0.8912277934018323,0.4640188141565994,adjusted_norm_sqrt_inv,Peganum harmala L.,Zygophyllum coccineum,Trichodesma africanum (L.) Sm.,18,16,7.973174103101095,180,lowest_30,0.8753720238095238,0.8936529915856052,0.8962255922640983,0.8912277934018323,0.4640188141565994
Lowest-30,validation,lowest_val_summary/mobilenetv2_stageF_lowest_30_val_summary181_182.csv,mobilenetv2_stageF_lowest_30,Validation,87.51860119047619,0.8887038888483866,0.8927774245782956,0.8873242027082818,0.455578172706672,adjusted_norm_sqrt_inv,Zygophyllum molle (Delile) Christenh. & Byng,Calotropis procera,Trichodesma africanum (L.) Sm.,18,16,9.291325668493906,181,lowest_30,0.8751860119047619,0.8887038888483866,0.8927774245782956,0.8873242027082818,0.455578172706672
Lowest-30,validation,lowest_val_summary/mobilenetv2_stageF_lowest_30_val_summary181_182.csv,mobilenetv2_stageF_lowest_30,Validation,87.23958333333333,0.8857294427636075,0.8917907201479347,0.8858048275059891,0.468526714753493,adjusted_norm_sqrt_inv,Iphiona mucronata (Forssk.) Asch. & Schweinf.,Stachys aegyptiaca Pers.,Trichodesma africanum (L.) Sm.,19,16,10.36598656574885,182,lowest_30,0.8723958333333333,0.8857294427636075,0.8917907201479347,0.8858048275059891,0.468526714753493
Lowest-30,validation,lowest_val_summary/mobilenetv2_stageF_lowest_30_val_summary183_190.csv,mobilenetv2_stageF_lowest_30,Validation,88.02083333333333,0.8902481203704641,0.8973838051180483,0.8910618203673544,0.4273418724597355,adjusted_norm_sqrt_inv,Rumex vesicarius L.,Gymnocarpos decander Forssk.,Trichodesma africanum (L.) Sm.,18,16,7.737675102551778,183,lowest_30,0.8802083333333333,0.8902481203704641,0.8973838051180483,0.8910618203673544,0.4273418724597355
Lowest-30,validation,lowest_val_summary/mobilenetv2_stageF_lowest_30_val_summary183_190.csv,mobilenetv2_stageF_lowest_30,Validation,88.22544642857143,0.8893323999763197,0.8994498822848357,0.8917080858680745,0.4213955325654275,adjusted_norm_sqrt_inv,Salsola imbricata Forssk.,Peganum harmala L.,Trichodesma africanum (L.) Sm.,18,16,7.554522713025411,184,lowest_30,0.8822544642857143,0.8893323999763197,0.8994498822848357,0.8917080858680745,0.4213955325654275
Lowest-30,validation,lowest_val_summary/mobilenetv2_stageF_lowest_30_val_summary183_190.csv,mobilenetv2_stageF_lowest_30,Validation,88.11383928571429,0.8953326104655481,0.8988420832284769,0.8937220035825824,0.4361794853946971,adjusted_norm_sqrt_inv,Salsola imbricata Forssk.,Stachys aegyptiaca Pers.,Trichodesma africanum (L.) Sm.,18,16,7.648632065455119,185,lowest_30,0.8811383928571429,0.8953326104655481,0.8988420832284769,0.8937220035825824,0.4361794853946971
Lowest-30,validation,lowest_val_summary/mobilenetv2_stageF_lowest_30_val_summary183_190.csv,mobilenetv2_stageF_lowest_30,Validation,87.5,0.8929949472162132,0.8944719947924408,0.8897602977102704,0.4560035897691034,adjusted_norm_sqrt_inv,Peganum harmala L.,Gymnocarpos decander Forssk.,Trichodesma africanum (L.) Sm.,19,16,7.975758981704712,186,lowest_30,0.875,0.8929949472162132,0.8944719947924408,0.8897602977102704,0.4560035897691034
Lowest-30,validation,lowest_val_summary/mobilenetv2_stageF_lowest_30_val_summary183_190.csv,mobilenetv2_stageF_lowest_30,Validation,88.16964285714286,0.8981965183377789,0.9000125344526908,0.895859052665405,0.43550257998372,adjusted_norm_sqrt_inv,Peganum harmala L.,Cebatha pendula (J.R.Forst. & G.Forst.) Kuntze,Trichodesma africanum (L.) Sm.,21,16,9.266290589173634,187,lowest_30,0.8816964285714286,0.8981965183377789,0.9000125344526908,0.895859052665405,0.43550257998372
Lowest-30,validation,lowest_val_summary/mobilenetv2_stageF_lowest_30_val_summary183_190.csv,mobilenetv2_stageF_lowest_30,Validation,88.22544642857143,0.8962545119055872,0.9005550232769945,0.8952095376660459,0.4233772346409686,adjusted_norm_sqrt_inv,Iphiona mucronata (Forssk.) Asch. & Schweinf.,Deverra triradiata Hochst. ex Boiss.,Trichodesma africanum (L.) Sm.,19,16,8.071685981750488,188,lowest_30,0.8822544642857143,0.8962545119055872,0.9005550232769945,0.8952095376660459,0.4233772346409686
Lowest-30,validation,lowest_val_summary/mobilenetv2_stageF_lowest_30_val_summary183_190.csv,mobilenetv2_stageF_lowest_30,Validation,87.77901785714286,0.8901835110403953,0.8953074630562323,0.8891794618343806,0.4516384252308615,adjusted_norm_sqrt_inv,Zygophyllum molle (Delile) Christenh. & Byng,Anabasis articulata (Forssk.) Moq.,Trichodesma africanum (L.) Sm.,18,16,7.619788634777069,189,lowest_30,0.8777901785714286,0.8901835110403953,0.8953074630562323,0.8891794618343806,0.4516384252308615
Lowest-30,validation,lowest_val_summary/mobilenetv2_stageF_lowest_30_val_summary183_190.csv,mobilenetv2_stageF_lowest_30,Validation,88.0952380952381,0.8965889844762933,0.8981308908906213,0.894013112750034,0.4476423736590721,adjusted_norm_sqrt_inv,Salsola imbricata Forssk.,Stachys aegyptiaca Pers.,Trichodesma africanum (L.) Sm.,18,16,7.628815404574076,190,lowest_30,0.880952380952381,0.8965889844762933,0.8981308908906213,0.894013112750034,0.4476423736590721
Lowest-30,validation,lowest_val_summary/mobilenetv2_stageF_lowest_30_val_summary191_200.csv,mobilenetv2_stageF_lowest_30,Validation,88.18824404761905,0.8986248059447075,0.9003269666546238,0.8963436782359032,0.4286802339023281,adjusted_norm_sqrt_inv,Iphiona mucronata (Forssk.) Asch. & Schweinf.,Suaeda aegyptiaca (Hasselq.) Zohary,Trichodesma africanum (L.) Sm.,20,16,7.610100801785787,191,lowest_30,0.8818824404761905,0.8986248059447075,0.9003269666546238,0.8963436782359032,0.4286802339023281
Lowest-30,validation,lowest_val_summary/mobilenetv2_stageF_lowest_30_val_summary191_200.csv,mobilenetv2_stageF_lowest_30,Validation,87.94642857142857,0.8944578483833527,0.897727890063709,0.8920503493661673,0.4520635818544233,adjusted_norm_sqrt_inv,Salsola imbricata Forssk.,others,Trichodesma africanum (L.) Sm.,17,16,7.993424518903097,192,lowest_30,0.8794642857142857,0.8944578483833527,0.897727890063709,0.8920503493661673,0.4520635818544233
Lowest-30,validation,lowest_val_summary/mobilenetv2_stageF_lowest_30_val_summary191_200.csv,mobilenetv2_stageF_lowest_30,Validation,88.05803571428571,0.8967271845733238,0.896512735889806,0.8926729402386053,0.458755165911931,adjusted_norm_sqrt_inv,Salsola imbricata Forssk.,Anabasis articulata (Forssk.) Moq.,Trichodesma africanum (L.) Sm.,19,16,7.653314848740895,193,lowest_30,0.8805803571428571,0.8967271845733238,0.896512735889806,0.8926729402386053,0.458755165911931
Lowest-30,validation,lowest_val_summary/mobilenetv2_stageF_lowest_30_val_summary191_200.csv,mobilenetv2_stageF_lowest_30,Validation,87.25818452380952,0.8909008794261163,0.8893968531458356,0.8857430684200824,0.4516594932052136,adjusted_norm_sqrt_inv,Iphiona mucronata (Forssk.) Asch. & Schweinf.,Zilla spinosa (L.) Prantl,Trichodesma africanum (L.) Sm.,17,16,7.6489747325579325,194,lowest_30,0.8725818452380952,0.8909008794261163,0.8893968531458356,0.8857430684200824,0.4516594932052136
Lowest-30,validation,lowest_val_summary/mobilenetv2_stageF_lowest_30_val_summary191_200.csv,mobilenetv2_stageF_lowest_30,Validation,88.18824404761905,0.8947904897310327,0.8959964701925238,0.8909391187926541,0.433542412170157,adjusted_norm_sqrt_inv,Salsola imbricata Forssk.,Stachys aegyptiaca Pers.,Cebatha pendula (J.R.Forst. & G.Forst.) Kuntze,17,16,7.645633784929911,195,lowest_30,0.8818824404761905,0.8947904897310327,0.8959964701925238,0.8909391187926541,0.433542412170157
Lowest-30,validation,lowest_val_summary/mobilenetv2_stageF_lowest_30_val_summary191_200.csv,mobilenetv2_stageF_lowest_30,Validation,88.89508928571429,0.9018792958754016,0.9044408149356666,0.9002056079427704,0.4046118879843258,adjusted_norm_sqrt_inv,Zygophyllum molle (Delile) Christenh. & Byng,Deverra triradiata Hochst. ex Boiss.,Limonium pruinosum (L.) Chaz.,18,16,8.347653261820476,196,lowest_30,0.8889508928571429,0.9018792958754016,0.9044408149356666,0.9002056079427704,0.4046118879843258
Lowest-30,validation,lowest_val_summary/mobilenetv2_stageF_lowest_30_val_summary191_200.csv,mobilenetv2_stageF_lowest_30,Validation,88.39285714285714,0.8983213808306421,0.899478793908294,0.8953968180476789,0.4372290388756222,adjusted_norm_sqrt_inv,Iphiona mucronata (Forssk.) Asch. & Schweinf.,Gymnocarpos decander Forssk.,Trichodesma africanum (L.) Sm.,18,16,7.483914315700531,197,lowest_30,0.8839285714285714,0.8983213808306421,0.899478793908294,0.8953968180476789,0.4372290388756222
Lowest-30,validation,lowest_val_summary/mobilenetv2_stageF_lowest_30_val_summary191_200.csv,mobilenetv2_stageF_lowest_30,Validation,87.72321428571429,0.8925171867458204,0.8955646593697331,0.8903016429048841,0.4473359607291816,adjusted_norm_sqrt_inv,Zygophyllum molle (Delile) Christenh. & Byng,Gymnocarpos decander Forssk.,Trichodesma africanum (L.) Sm.,19,16,7.248461500803629,198,lowest_30,0.8772321428571429,0.8925171867458204,0.8955646593697331,0.8903016429048841,0.4473359607291816
Lowest-30,validation,lowest_val_summary/mobilenetv2_stageF_lowest_30_val_summary191_200.csv,mobilenetv2_stageF_lowest_30,Validation,88.41145833333333,0.900230168117337,0.9028574900483328,0.8988572601765982,0.4302236754149687,adjusted_norm_sqrt_inv,Salsola imbricata Forssk.,Zilla spinosa (L.) Prantl,Trichodesma africanum (L.) Sm.,19,16,8.392369862397512,199,lowest_30,0.8841145833333333,0.900230168117337,0.9028574900483328,0.8988572601765982,0.4302236754149687
Lowest-30,validation,lowest_val_summary/mobilenetv2_stageF_lowest_30_val_summary191_200.csv,mobilenetv2_stageF_lowest_30,Validation,88.20684523809524,0.8979636271899245,0.9003989056244079,0.8961287293291865,0.4455944280813843,adjusted_norm_sqrt_inv,Zygophyllum molle (Delile) Christenh. & Byng,Gymnocarpos decander Forssk.,Trichodesma africanum (L.) Sm.,19,16,8.663038782278697,200,lowest_30,0.8820684523809524,0.8979636271899245,0.9003989056244079,0.8961287293291865,0.4455944280813843
Lowest-30,validation,lowest_val_summary/mobilenetv2_stageF_lowest_30_val_summary201_220.csv,mobilenetv2_stageF_lowest_30,Validation,88.28125,0.8988313576021436,0.900428682080377,0.8959207420418052,0.4437172774670606,adjusted_norm_sqrt_inv,Rumex vesicarius L.,Suaeda aegyptiaca (Hasselq.) Zohary,Lycium shawii Roem. & Schult.,19,16,7.737482531865438,201,lowest_30,0.8828125,0.8988313576021436,0.900428682080377,0.8959207420418052,0.4437172774670606
Lowest-30,validation,lowest_val_summary/mobilenetv2_stageF_lowest_30_val_summary201_220.csv,mobilenetv2_stageF_lowest_30,Validation,88.35565476190476,0.8996788802773036,0.9023110778466242,0.8977274527809698,0.4495164904011138,adjusted_norm_sqrt_inv,Rumex vesicarius L.,Gymnocarpos decander Forssk.,Nitraria retusa (Forssk.) Asch.,19,16,8.082122218608855,202,lowest_30,0.8835565476190476,0.8996788802773036,0.9023110778466242,0.8977274527809698,0.4495164904011138
Lowest-30,validation,lowest_val_summary/mobilenetv2_stageF_lowest_30_val_summary201_220.csv,mobilenetv2_stageF_lowest_30,Validation,88.63467261904762,0.9014468616845902,0.9043930199457968,0.9000469669008798,0.4263914529637445,adjusted_norm_sqrt_inv,Iphiona mucronata (Forssk.) Asch. & Schweinf.,Deverra triradiata Hochst. ex Boiss.,Trichodesma africanum (L.) Sm.,19,16,8.189777719974519,203,lowest_30,0.8863467261904762,0.9014468616845902,0.9043930199457968,0.9000469669008798,0.4263914529637445
Lowest-30,validation,lowest_val_summary/mobilenetv2_stageF_lowest_30_val_summary201_220.csv,mobilenetv2_stageF_lowest_30,Validation,88.24404761904762,0.8988496910358155,0.9028155852899828,0.8975334026984456,0.4560197951869246,adjusted_norm_sqrt_inv,Peganum harmala L.,Zygophyllum coccineum,Trichodesma africanum (L.) Sm.,20,16,8.058472383022309,204,lowest_30,0.8824404761904762,0.8988496910358155,0.9028155852899828,0.8975334026984456,0.4560197951869246
Lowest-30,validation,lowest_val_summary/mobilenetv2_stageF_lowest_30_val_summary201_220.csv,mobilenetv2_stageF_lowest_30,Validation,88.26264880952381,0.8961461153957052,0.898794860964197,0.8941245242696895,0.443282505009295,adjusted_norm_sqrt_inv,Rumex vesicarius L.,Gymnocarpos decander Forssk.,Trichodesma africanum (L.) Sm.,20,16,8.208319433530171,205,lowest_30,0.8826264880952381,0.8961461153957052,0.898794860964197,0.8941245242696895,0.443282505009295
Lowest-30,validation,lowest_val_summary/mobilenetv2_stageF_lowest_30_val_summary201_220.csv,mobilenetv2_stageF_lowest_30,Validation,88.29985119047619,0.8949172325335122,0.8997914275244291,0.8945195975777348,0.4422476426928943,adjusted_norm_sqrt_inv,Rumex vesicarius L.,Anabasis articulata (Forssk.) Moq.,Limonium pruinosum (L.) Chaz.,20,16,8.015355118115743,206,lowest_30,0.8829985119047619,0.8949172325335122,0.8997914275244291,0.8945195975777348,0.4422476426928943
Lowest-30,validation,lowest_val_summary/mobilenetv2_stageF_lowest_30_val_summary201_220.csv,mobilenetv2_stageF_lowest_30,Validation,88.43005952380952,0.8960857476580405,0.9013984202278562,0.8952935616011881,0.4284067557442172,adjusted_norm_sqrt_inv,Rumex vesicarius L.,Gymnocarpos decander Forssk.,Lycium shawii Roem. & Schult.,18,16,7.990619850158692,207,lowest_30,0.8843005952380952,0.8960857476580405,0.9013984202278562,0.8952935616011881,0.4284067557442172
Lowest-30,validation,lowest_val_summary/mobilenetv2_stageF_lowest_30_val_summary201_220.csv,mobilenetv2_stageF_lowest_30,Validation,88.22544642857143,0.9007670159612288,0.9019111268028986,0.8976514581017536,0.4539405982255316,adjusted_norm_sqrt_inv,Rumex vesicarius L.,Echinops glaberrimus DC.,Nitraria retusa (Forssk.) Asch.,20,16,7.997372281551361,208,lowest_30,0.8822544642857143,0.9007670159612288,0.9019111268028986,0.8976514581017536,0.4539405982255316
Lowest-30,validation,lowest_val_summary/mobilenetv2_stageF_lowest_30_val_summary201_220.csv,mobilenetv2_stageF_lowest_30,Validation,88.13244047619048,0.8994431070120612,0.9005157532993141,0.8965597849925281,0.4470761429475076,adjusted_norm_sqrt_inv,Peganum harmala L.,Anabasis articulata (Forssk.) Moq.,Farsetia aegyptia Turra,19,16,7.870390085379283,209,lowest_30,0.8813244047619048,0.8994431070120612,0.9005157532993141,0.8965597849925281,0.4470761429475076
Lowest-30,validation,lowest_val_summary/mobilenetv2_stageF_lowest_30_val_summary201_220.csv,mobilenetv2_stageF_lowest_30,Validation,88.05803571428571,0.8973949371244295,0.9018722966874956,0.8964596776140263,0.4596522744974382,adjusted_norm_sqrt_inv,Iphiona mucronata (Forssk.) Asch. & Schweinf.,Zygophyllum coccineum,Tamarix nilotica (Ehrenb.) Bunge,18,16,7.988294319311778,210,lowest_30,0.8805803571428571,0.8973949371244295,0.9018722966874956,0.8964596776140263,0.4596522744974382
Lowest-30,validation,lowest_val_summary/mobilenetv2_stageF_lowest_30_val_summary201_220.csv,mobilenetv2_stageF_lowest_30,Validation,88.20684523809524,0.8985002322575747,0.8999681868217421,0.8957192425592512,0.4396585307798388,adjusted_norm_sqrt_inv,Iphiona mucronata (Forssk.) Asch. & Schweinf.,Gymnocarpos decander Forssk.,Nitraria retusa (Forssk.) Asch.,18,16,7.969314467906952,211,lowest_30,0.8820684523809524,0.8985002322575747,0.8999681868217421,0.8957192425592512,0.4396585307798388
Lowest-30,validation,lowest_val_summary/mobilenetv2_stageF_lowest_30_val_summary201_220.csv,mobilenetv2_stageF_lowest_30,Validation,88.24404761904762,0.902101306070748,0.8989939532637491,0.8964781869168934,0.4570041966689229,adjusted_norm_sqrt_inv,Rumex vesicarius L.,Suaeda aegyptiaca (Hasselq.) Zohary,Lycium shawii Roem. & Schult.,19,16,8.028912349541981,212,lowest_30,0.8824404761904762,0.902101306070748,0.8989939532637491,0.8964781869168934,0.4570041966689229
Lowest-30,validation,lowest_val_summary/mobilenetv2_stageF_lowest_30_val_summary201_220.csv,mobilenetv2_stageF_lowest_30,Validation,88.15104166666667,0.8971551772628117,0.9006595780888924,0.8956882681597744,0.4422450371720233,adjusted_norm_sqrt_inv,Peganum harmala L.,Gymnocarpos decander Forssk.,Trichodesma africanum (L.) Sm.,19,16,7.992043566703797,213,lowest_30,0.8815104166666667,0.8971551772628117,0.9006595780888924,0.8956882681597744,0.4422450371720233
Lowest-30,validation,lowest_val_summary/mobilenetv2_stageF_lowest_30_val_summary201_220.csv,mobilenetv2_stageF_lowest_30,Validation,88.15104166666667,0.8969334299208161,0.8990837795939604,0.8948249798324129,0.4396125009523616,adjusted_norm_sqrt_inv,Rumex vesicarius L.,Zygophyllum coccineum,Lycium shawii Roem. & Schult.,19,16,7.974864856402079,214,lowest_30,0.8815104166666667,0.8969334299208161,0.8990837795939604,0.8948249798324129,0.4396125009523616
Lowest-30,validation,lowest_val_summary/mobilenetv2_stageF_lowest_30_val_summary201_220.csv,mobilenetv2_stageF_lowest_30,Validation,88.65327380952381,0.9035458498375653,0.9028965460233191,0.9002015256249947,0.4245273908103454,adjusted_norm_sqrt_inv,Rumex vesicarius L.,Deverra triradiata Hochst. ex Boiss.,Lycium shawii Roem. & Schult.,18,16,8.210291516780853,215,lowest_30,0.8865327380952381,0.9035458498375653,0.9028965460233191,0.9002015256249947,0.4245273908103454
Lowest-30,validation,lowest_val_summary/mobilenetv2_stageF_lowest_30_val_summary201_220.csv,mobilenetv2_stageF_lowest_30,Validation,88.31845238095238,0.898178082110244,0.9009684904706232,0.8967687170904557,0.4383912105046355,adjusted_norm_sqrt_inv,Zygophyllum molle (Delile) Christenh. & Byng,Gymnocarpos decander Forssk.,Trichodesma africanum (L.) Sm.,18,16,8.283462778727214,216,lowest_30_old,0.8831845238095238,0.898178082110244,0.9009684904706232,0.8967687170904557,0.4383912105046355
Lowest-30,validation,lowest_val_summary/mobilenetv2_stageF_lowest_30_val_summary201_220.csv,mobilenetv2_stageF_lowest_30,Validation,88.41145833333333,0.9002619590678436,0.9021675124711624,0.8977737208169487,0.4543017566639242,adjusted_norm_sqrt_inv,Peganum harmala L.,Gymnocarpos decander Forssk.,Trichodesma africanum (L.) Sm.,19,16,7.47239708105723,217,lowest_30_old,0.8841145833333333,0.9002619590678436,0.9021675124711624,0.8977737208169487,0.4543017566639242
Lowest-30,validation,lowest_val_summary/mobilenetv2_stageF_lowest_30_val_summary201_220.csv,mobilenetv2_stageF_lowest_30,Validation,88.0766369047619,0.9002127877998506,0.8983187803336896,0.895146588507024,0.46465465909273,adjusted_norm_sqrt_inv,Peganum harmala L.,Suaeda aegyptiaca (Hasselq.) Zohary,Trichodesma africanum (L.) Sm.,20,16,7.6334384202957155,218,lowest_30_old,0.880766369047619,0.9002127877998506,0.8983187803336896,0.895146588507024,0.46465465909273
Lowest-30,validation,lowest_val_summary/mobilenetv2_stageF_lowest_30_val_summary201_220.csv,mobilenetv2_stageF_lowest_30,Validation,88.18824404761905,0.8976016265431555,0.897980731822955,0.8943717802676385,0.4481417956878453,adjusted_norm_sqrt_inv,Rumex vesicarius L.,Stachys aegyptiaca Pers.,Trichodesma africanum (L.) Sm.,18,16,7.486588668823242,219,lowest_30_old,0.8818824404761905,0.8976016265431555,0.897980731822955,0.8943717802676385,0.4481417956878453
Lowest-30,validation,lowest_val_summary/mobilenetv2_stageF_lowest_30_val_summary201_220.csv,mobilenetv2_stageF_lowest_30,Validation,88.59747023809524,0.9026651567101884,0.9018803701546324,0.8992956123762514,0.4235757194815917,adjusted_norm_sqrt_inv,Iphiona mucronata (Forssk.) Asch. & Schweinf.,Zygophyllum coccineum,Lycium shawii Roem. & Schult.,19,16,7.583884215354919,220,lowest_30_old,0.8859747023809524,0.9026651567101884,0.9018803701546324,0.8992956123762514,0.4235757194815917
Lowest-30,validation,lowest_val_summary/mobilenetv2_stageF_lowest_30_val_summary216_220.csv,mobilenetv2_stageF_lowest_30,Validation,88.83928571428571,0.9032881837824288,0.9066724196601216,0.9019170781373604,0.4328110278881381,adjusted_norm_sqrt_inv,Rumex vesicarius L.,Cebatha pendula (J.R.Forst. & G.Forst.) Kuntze,Lycium shawii Roem. & Schult.,18,16,7.882334280014038,216,lowest_30,0.8883928571428571,0.9032881837824288,0.9066724196601216,0.9019170781373604,0.4328110278881381
Lowest-30,validation,lowest_val_summary/mobilenetv2_stageF_lowest_30_val_summary216_220.csv,mobilenetv2_stageF_lowest_30,Validation,88.65327380952381,0.8993196929826593,0.903566066334068,0.8975324895619549,0.4472902533127743,adjusted_norm_sqrt_inv,Peganum harmala L.,Deverra triradiata Hochst. ex Boiss.,Farsetia aegyptia Turra,18,16,7.576964668432871,217,lowest_30,0.8865327380952381,0.8993196929826593,0.903566066334068,0.8975324895619549,0.4472902533127743
Lowest-30,validation,lowest_val_summary/mobilenetv2_stageF_lowest_30_val_summary216_220.csv,mobilenetv2_stageF_lowest_30,Validation,88.37425595238095,0.8972383365195251,0.9042717427066036,0.8966198522097463,0.4714689429312481,adjusted_norm_sqrt_inv,Salsola imbricata Forssk.,Capparis spinosa L.,Nitraria retusa (Forssk.) Asch.,19,16,7.305955549081166,218,lowest_30,0.8837425595238095,0.8972383365195251,0.9042717427066036,0.8966198522097463,0.4714689429312481
Lowest-30,validation,lowest_val_summary/mobilenetv2_stageF_lowest_30_val_summary216_220.csv,mobilenetv2_stageF_lowest_30,Validation,88.0952380952381,0.8999276586028301,0.9009209867363008,0.8965041765025943,0.4641588868142619,adjusted_norm_sqrt_inv,Salsola imbricata Forssk.,Deverra triradiata Hochst. ex Boiss.,Tamarix nilotica (Ehrenb.) Bunge,19,16,9.024790251255036,219,lowest_30,0.880952380952381,0.8999276586028301,0.9009209867363008,0.8965041765025943,0.4641588868142619
Lowest-30,validation,lowest_val_summary/mobilenetv2_stageF_lowest_30_val_summary216_220.csv,mobilenetv2_stageF_lowest_30,Validation,88.59747023809524,0.9014601568399364,0.9029643147595124,0.8986365849785304,0.4451459066674813,adjusted_norm_sqrt_inv,Zygophyllum molle (Delile) Christenh. & Byng,Suaeda aegyptiaca (Hasselq.) Zohary,Limonium pruinosum (L.) Chaz.,19,16,7.70632088581721,220,lowest_30,0.8859747023809524,0.9014601568399364,0.9029643147595124,0.8986365849785304,0.4451459066674813
Top-30,train,top_train_summary/mobilenetv2_stageF_top_30_train_summary128_140.csv,mobilenetv2_stageF_top_30,Train,87.31781596693496,87.98163813637669,84.6292137870427,85.95881614155614,0.5458615916578666,norm_sqrt_inv,Ephedra alata Decne.,Rumex vesicarius L.,Peganum harmala L.,21,16,21.30447186231613,128,top_30,0.8731781596693495,0.8798163813637668,0.846292137870427,0.8595881614155614,0.5458615916578666
Top-30,train,top_train_summary/mobilenetv2_stageF_top_30_train_summary128_140.csv,mobilenetv2_stageF_top_30,Train,88.55231672830107,88.07538749914427,86.58287967045328,87.21805378621819,0.4316658563426007,norm_sqrt_inv,Ephedra alata Decne.,Atriplex halimus L.,Peganum harmala L.,21,16,27.390107266108195,129,top_30,0.8855231672830106,0.8807538749914428,0.8658287967045328,0.872180537862182,0.4316658563426007
Top-30,train,top_train_summary/mobilenetv2_stageF_top_30_train_summary128_140.csv,mobilenetv2_stageF_top_30,Train,89.04176636937133,88.2964509603719,87.39295705490437,87.78041265251343,0.3913490456018759,norm_sqrt_inv,Ephedra alata Decne.,Cebatha pendula (J.R.Forst. & G.Forst.) Kuntze,Peganum harmala L.,20,16,29.78156164884567,130,top_30,0.8904176636937133,0.882964509603719,0.8739295705490437,0.8778041265251343,0.3913490456018759
Top-30,train,top_train_summary/mobilenetv2_stageF_top_30_train_summary128_140.csv,mobilenetv2_stageF_top_30,Train,89.73243419621492,88.46512476443496,87.95559894737984,88.14864928243877,0.3571257540065309,norm_sqrt_inv,Ephedra alata Decne.,Stachys aegyptiaca Pers.,Peganum harmala L.,20,16,21.613432363669077,131,top_30,0.8973243419621493,0.8846512476443497,0.8795559894737984,0.8814864928243877,0.3571257540065309
Top-30,train,top_train_summary/mobilenetv2_stageF_top_30_train_summary128_140.csv,mobilenetv2_stageF_top_30,Train,89.95540569936915,88.86912676595414,88.5549104086966,88.64734207052814,0.3440124649165765,norm_sqrt_inv,Ephedra alata Decne.,Rumex vesicarius L.,Peganum harmala L.,18,16,21.512657201290132,132,top_30,0.8995540569936915,0.8886912676595413,0.885549104086966,0.8864734207052813,0.3440124649165765
Top-30,train,top_train_summary/mobilenetv2_stageF_top_30_train_summary128_140.csv,mobilenetv2_stageF_top_30,Train,90.46660865782032,89.27907802723003,88.95805001696966,89.07430781369928,0.3273750039384417,norm_sqrt_inv,Ephedra alata Decne.,Cebatha pendula (J.R.Forst. & G.Forst.) Kuntze,Peganum harmala L.,21,16,24.165441429615026,133,top_30,0.9046660865782031,0.8927907802723003,0.8895805001696967,0.8907430781369928,0.3273750039384417
Top-30,train,top_train_summary/mobilenetv2_stageF_top_30_train_summary128_140.csv,mobilenetv2_stageF_top_30,Train,90.700456819665,89.32915034181617,89.19867567156595,89.23173289364728,0.3137009040331063,norm_sqrt_inv,Ephedra alata Decne.,Diplotaxis harra (Forssk.) Boiss.,Peganum harmala L.,22,16,25.6911692182223,134,top_30,0.9070045681966501,0.8932915034181618,0.8919867567156595,0.8923173289364728,0.3137009040331063
Top-30,train,top_train_summary/mobilenetv2_stageF_top_30_train_summary128_140.csv,mobilenetv2_stageF_top_30,Train,90.7439634544268,89.40344395121993,89.49162490346045,89.40519478235534,0.3025054784248704,norm_sqrt_inv,Ephedra alata Decne.,Zygophyllum molle (Delile) Christenh. & Byng,Peganum harmala L.,21,16,23.221368916829427,135,top_30,0.907439634544268,0.8940344395121993,0.8949162490346044,0.8940519478235534,0.3025054784248704
Top-30,train,top_train_summary/mobilenetv2_stageF_top_30_train_summary128_140.csv,mobilenetv2_stageF_top_30,Train,90.79834674787904,89.48556425678647,89.54649812236376,89.48196553543481,0.2984862840596748,norm_sqrt_inv,Ephedra alata Decne.,Deverra triradiata Hochst. ex Boiss.,Peganum harmala L.,21,16,21.205858767032623,136,top_30,0.9079834674787903,0.8948556425678648,0.8954649812236376,0.8948196553543482,0.2984862840596748
Top-30,train,top_train_summary/mobilenetv2_stageF_top_30_train_summary128_140.csv,mobilenetv2_stageF_top_30,Train,91.38024798781814,90.23259364160414,90.37358858229634,90.2741494883348,0.2827440721233902,norm_sqrt_inv,Echinops glaberrimus DC.,Stachys aegyptiaca Pers.,Peganum harmala L.,19,16,24.257592153549194,137,top_30,0.9138024798781814,0.9023259364160414,0.9037358858229634,0.902741494883348,0.2827440721233902
Top-30,train,top_train_summary/mobilenetv2_stageF_top_30_train_summary128_140.csv,mobilenetv2_stageF_top_30,Train,91.57058951490102,90.44498400949897,90.65240923591276,90.51166830331849,0.266226706346092,norm_sqrt_inv,Ephedra alata Decne.,Zygophyllum coccineum,Peganum harmala L.,20,16,31.25260833501816,138,top_30,0.9157058951490101,0.9044498400949896,0.9065240923591276,0.9051166830331848,0.266226706346092
Top-30,train,top_train_summary/mobilenetv2_stageF_top_30_train_summary128_140.csv,mobilenetv2_stageF_top_30,Train,91.33674135305634,89.90059841377646,89.95120596325336,89.88667538726436,0.276947562571453,norm_sqrt_inv,Tamarix nilotica (Ehrenb.) Bunge,Diplotaxis harra (Forssk.) Boiss.,Peganum harmala L.,22,16,28.154825103282928,139,top_30,0.9133674135305634,0.8990059841377647,0.8995120596325336,0.8988667538726436,0.276947562571453
Top-30,train,top_train_summary/mobilenetv2_stageF_top_30_train_summary128_140.csv,mobilenetv2_stageF_top_30,Train,91.83706765281704,90.81516162133536,90.82965231786076,90.8003057223788,0.26423880007037,norm_sqrt_inv,Ephedra alata Decne.,Zygophyllum arabicum (L.) Christenh. & Byng,Peganum harmala L.,19,16,24.591316000620523,140,top_30,0.9183706765281704,0.9081516162133536,0.9082965231786077,0.9080030572237879,0.26423880007037
Top-30,train,top_train_summary/mobilenetv2_stageF_top_30_train_summary141_150.csv,mobilenetv2_stageF_top_30,Train,91.52708288013922,90.18911822395744,90.4004577768624,90.26601471644442,0.2656484069610419,norm_sqrt_inv,Echinops glaberrimus DC.,Zygophyllum coccineum,others,21,16,25.979109315077466,141,top_30,0.9152708288013922,0.9018911822395743,0.904004577768624,0.9026601471644442,0.2656484069610419
Top-30,train,top_train_summary/mobilenetv2_stageF_top_30_train_summary141_150.csv,mobilenetv2_stageF_top_30,Train,91.98934087448336,90.98064611546371,91.46975955081096,91.18406636100414,0.2583028634734776,norm_sqrt_inv,Echinops glaberrimus DC.,Deverra triradiata Hochst. ex Boiss.,Anabasis articulata (Forssk.) Moq.,19,16,25.77787170012792,142,top_30,0.9198934087448336,0.9098064611546371,0.9146975955081096,0.9118406636100415,0.2583028634734776
Top-30,train,top_train_summary/mobilenetv2_stageF_top_30_train_summary141_150.csv,mobilenetv2_stageF_top_30,Train,91.91864259299544,90.72627122943396,91.16259937793686,90.90644012137496,0.2508114458280413,norm_sqrt_inv,Echinops glaberrimus DC.,Gymnocarpos decander Forssk.,Peganum harmala L.,22,16,31.059118616580964,143,top_30,0.9191864259299544,0.9072627122943396,0.9116259937793686,0.9090644012137495,0.2508114458280413
Top-30,train,top_train_summary/mobilenetv2_stageF_top_30_train_summary141_150.csv,mobilenetv2_stageF_top_30,Train,91.98390254513814,91.0110864950359,90.85575948100652,90.90464894280436,0.2554582915098771,norm_sqrt_inv,Echinops glaberrimus DC.,Cebatha pendula (J.R.Forst. & G.Forst.) Kuntze,Peganum harmala L.,20,16,28.179313600063324,144,top_30,0.9198390254513814,0.910110864950359,0.9085575948100651,0.9090464894280436,0.2554582915098771
Top-30,train,top_train_summary/mobilenetv2_stageF_top_30_train_summary141_150.csv,mobilenetv2_stageF_top_30,Train,92.2558190123994,91.11614946599474,91.1133039367281,91.0947907723534,0.239107425559474,norm_sqrt_inv,Echinops glaberrimus DC.,Zygophyllum molle (Delile) Christenh. & Byng,Peganum harmala L.,19,16,32.002351546287535,145,top_30,0.922558190123994,0.9111614946599473,0.911133039367281,0.9109479077235341,0.239107425559474
Top-30,train,top_train_summary/mobilenetv2_stageF_top_30_train_summary141_150.csv,mobilenetv2_stageF_top_30,Train,92.16336741353057,91.01005268467335,91.35471244866574,91.15871539797992,0.2477981086026715,norm_sqrt_inv,Ephedra alata Decne.,Capparis spinosa L.,Peganum harmala L.,20,16,25.43495688041051,146,top_30,0.9216336741353056,0.9101005268467336,0.9135471244866573,0.9115871539797992,0.2477981086026715
Top-30,train,top_train_summary/mobilenetv2_stageF_top_30_train_summary141_150.csv,mobilenetv2_stageF_top_30,Train,92.2775723297803,91.10146215530204,91.5533279486451,91.30262171495416,0.2349002284945353,norm_sqrt_inv,Ephedra alata Decne.,Gymnocarpos decander Forssk.,Peganum harmala L.,18,16,30.015559097131092,147,top_30,0.922775723297803,0.9110146215530205,0.915533279486451,0.9130262171495416,0.2349002284945353
Top-30,train,top_train_summary/mobilenetv2_stageF_top_30_train_summary141_150.csv,mobilenetv2_stageF_top_30,Train,92.28301065912552,91.30710063816618,91.34446332132543,91.29605338080748,0.2416417553065263,norm_sqrt_inv,Ephedra alata Decne.,Atriplex halimus L.,others,20,16,26.744278613726294,148,top_30,0.9228301065912552,0.9130710063816617,0.9134446332132543,0.9129605338080747,0.2416417553065263
Top-30,train,top_train_summary/mobilenetv2_stageF_top_30_train_summary141_150.csv,mobilenetv2_stageF_top_30,Train,92.7343919947792,91.74691709945718,91.70813711264564,91.70807125265992,0.2279577873128911,norm_sqrt_inv,Echinops glaberrimus DC.,Cebatha pendula (J.R.Forst. & G.Forst.) Kuntze,Peganum harmala L.,21,16,27.92277031739553,149,top_30,0.927343919947792,0.9174691709945718,0.9170813711264565,0.9170807125265992,0.2279577873128911
Top-30,train,top_train_summary/mobilenetv2_stageF_top_30_train_summary141_150.csv,mobilenetv2_stageF_top_30,Train,92.64194039591038,91.7324093312405,91.6746590705686,91.68334766806936,0.2328289395927087,norm_sqrt_inv,Ephedra alata Decne.,Nitraria retusa (Forssk.) Asch.,Peganum harmala L.,18,16,27.801594495773315,150,top_30,0.9264194039591038,0.917324093312405,0.916746590705686,0.9168334766806936,0.2328289395927087
Top-30,train,top_train_summary/mobilenetv2_stageF_top_30_train_summary151_155.csv,mobilenetv2_stageF_top_30,Train,92.68544703067218,92.33308398035402,91.97836390862882,92.13384160544268,0.2141137306975281,adjusted_norm_sqrt_inv,Ephedra alata Decne.,Zygophyllum coccineum,Anabasis articulata (Forssk.) Moq.,19,16,21.879292635122933,151,top_30,0.9268544703067217,0.9233308398035401,0.9197836390862882,0.9213384160544268,0.2141137306975281
Top-30,train,top_train_summary/mobilenetv2_stageF_top_30_train_summary151_155.csv,mobilenetv2_stageF_top_30,Train,92.4733521862084,92.02818225647452,91.21754857592563,91.5449459641493,0.1907990237293036,adjusted_norm_sqrt_inv,Echinops glaberrimus DC.,Zygophyllum arabicum (L.) Christenh. & Byng,Zilla spinosa (L.) Prantl,19,16,21.379113479455313,152,top_30,0.924733521862084,0.9202818225647452,0.9121754857592563,0.915449459641493,0.1907990237293036
Top-30,train,top_train_summary/mobilenetv2_stageF_top_30_train_summary151_155.csv,mobilenetv2_stageF_top_30,Train,92.35370894061344,91.9344811705692,91.4673476812621,91.59961308966676,0.1945618157801421,adjusted_norm_sqrt_inv,Ephedra alata Decne.,Diplotaxis harra (Forssk.) Boiss.,others,20,16,31.800202850500742,153,top_30,0.9235370894061344,0.919344811705692,0.914673476812621,0.9159961308966676,0.1945618157801421
Top-30,train,top_train_summary/mobilenetv2_stageF_top_30_train_summary151_155.csv,mobilenetv2_stageF_top_30,Train,92.56580378507722,92.11159185037516,91.25901211828888,91.57332250104548,0.1941410433241854,adjusted_norm_sqrt_inv,Echinops glaberrimus DC.,Limonium pruinosum (L.) Chaz.,Peganum harmala L.,20,16,28.723436200618742,154,top_30,0.9256580378507722,0.9211159185037516,0.9125901211828888,0.9157332250104548,0.1941410433241854
Top-30,train,top_train_summary/mobilenetv2_stageF_top_30_train_summary151_155.csv,mobilenetv2_stageF_top_30,Train,92.40265390472048,92.19586626238332,91.25751842157295,91.59071697543838,0.1895115760017348,adjusted_norm_sqrt_inv,Ephedra alata Decne.,Diplotaxis harra (Forssk.) Boiss.,Peganum harmala L.,21,16,21.67628228267034,155,top_30,0.9240265390472048,0.9219586626238332,0.9125751842157296,0.9159071697543838,0.1895115760017348
Top-30,train,top_train_summary/mobilenetv2_stageF_top_30_train_summary156_160.csv,mobilenetv2_stageF_top_30,Train,92.79421361757667,92.6362673596314,91.67515892841055,92.02911183919936,0.1784472138548027,adjusted_norm_sqrt_inv,Echinops glaberrimus DC.,Limonium pruinosum (L.) Chaz.,Anabasis articulata (Forssk.) Moq.,19,16,46.07642963727315,156,top_30,0.9279421361757667,0.9263626735963141,0.9167515892841055,0.9202911183919936,0.1784472138548027
Top-30,train,top_train_summary/mobilenetv2_stageF_top_30_train_summary156_160.csv,mobilenetv2_stageF_top_30,Train,92.46247552751797,92.58984108593717,91.17206327906968,91.74795417637978,0.1896843549771153,adjusted_norm_sqrt_inv,Ephedra alata Decne.,Iphiona mucronata (Forssk.) Asch. & Schweinf.,Anabasis articulata (Forssk.) Moq.,19,16,28.572428651650743,157,top_30,0.9246247552751796,0.9258984108593716,0.9117206327906967,0.9174795417637978,0.1896843549771153
Top-30,train,top_train_summary/mobilenetv2_stageF_top_30_train_summary156_160.csv,mobilenetv2_stageF_top_30,Train,92.5386121383511,92.42753152109714,91.44285838972678,91.81832510595116,0.1869855224697486,adjusted_norm_sqrt_inv,Zygophyllum molle (Delile) Christenh. & Byng,Stachys aegyptiaca Pers.,Anabasis articulata (Forssk.) Moq.,20,16,27.58348476489385,158,top_30,0.925386121383511,0.9242753152109714,0.9144285838972678,0.9181832510595116,0.1869855224697486
Top-30,train,top_train_summary/mobilenetv2_stageF_top_30_train_summary156_160.csv,mobilenetv2_stageF_top_30,Train,92.65825538394606,92.43303139205126,91.51989362740588,91.82017296485895,0.1825235578612141,adjusted_norm_sqrt_inv,Calotropis procera,Nitraria retusa (Forssk.) Asch.,Anabasis articulata (Forssk.) Moq.,17,16,29.78176166613897,159,top_30,0.9265825538394605,0.9243303139205126,0.9151989362740588,0.9182017296485896,0.1825235578612141
Top-30,train,top_train_summary/mobilenetv2_stageF_top_30_train_summary156_160.csv,mobilenetv2_stageF_top_30,Train,92.44072221013704,92.56098058429404,91.17413614912212,91.70620670595652,0.1866506019153672,adjusted_norm_sqrt_inv,Echinops glaberrimus DC.,Anabasis setifera Moq.,Anabasis articulata (Forssk.) Moq.,21,16,29.827974303563437,160,top_30,0.9244072221013704,0.9256098058429404,0.9117413614912212,0.9170620670595652,0.1866506019153672
Top-30,train,top_train_summary/mobilenetv2_stageF_top_30_train_summary161_180.csv,mobilenetv2_stageF_top_30,Train,92.69632368936264,92.66898638620542,91.56691212995553,91.97971746111574,0.1777107453548713,adjusted_norm_sqrt_inv,Ephedra alata Decne.,Diplotaxis harra (Forssk.) Boiss.,Zilla spinosa (L.) Prantl,21,16,21.52863344748815,161,top_30,0.9269632368936265,0.9266898638620542,0.9156691212995552,0.9197971746111574,0.1777107453548713
Top-30,train,top_train_summary/mobilenetv2_stageF_top_30_train_summary161_180.csv,mobilenetv2_stageF_top_30,Train,93.07156841418316,92.63615826749746,92.27348876462742,92.35128401330616,0.1714357399057759,adjusted_norm_sqrt_inv,Ephedra alata Decne.,Atriplex halimus L.,Zilla spinosa (L.) Prantl,21,16,21.045754965146383,162,top_30,0.9307156841418316,0.9263615826749746,0.9227348876462742,0.9235128401330616,0.1714357399057759
Top-30,train,top_train_summary/mobilenetv2_stageF_top_30_train_summary161_180.csv,mobilenetv2_stageF_top_30,Train,93.1259517076354,93.05562613538048,91.88953789386174,92.33907049611943,0.1711699310463408,adjusted_norm_sqrt_inv,Echinops glaberrimus DC.,Atriplex halimus L.,Peganum harmala L.,20,16,20.833463752269743,163,top_30,0.9312595170763539,0.9305562613538048,0.9188953789386174,0.9233907049611944,0.1711699310463408
Top-30,train,top_train_summary/mobilenetv2_stageF_top_30_train_summary161_180.csv,mobilenetv2_stageF_top_30,Train,93.00630846204048,92.8235153103693,91.85570472467164,92.2284207114374,0.1736495827089833,adjusted_norm_sqrt_inv,Ephedra alata Decne.,Iphiona mucronata (Forssk.) Asch. & Schweinf.,Peganum harmala L.,19,16,20.612640603383383,164,top_30,0.9300630846204048,0.928235153103693,0.9185570472467164,0.922284207114374,0.1736495827089833
Top-30,train,top_train_summary/mobilenetv2_stageF_top_30_train_summary161_180.csv,mobilenetv2_stageF_top_30,Train,93.26190994126604,93.18722197565694,92.05845789623048,92.50766778873223,0.1680987993247159,adjusted_norm_sqrt_inv,Ephedra alata Decne.,Iphiona mucronata (Forssk.) Asch. & Schweinf.,Peganum harmala L.,21,16,20.192575550079347,165,top_30,0.9326190994126604,0.9318722197565694,0.9205845789623048,0.9250766778873224,0.1680987993247159
Top-30,train,top_train_summary/mobilenetv2_stageF_top_30_train_summary161_180.csv,mobilenetv2_stageF_top_30,Train,92.99543180335002,92.81416688520308,91.88219736705028,92.2432440270601,0.1682440414721065,adjusted_norm_sqrt_inv,Ephedra alata Decne.,Diplotaxis harra (Forssk.) Boiss.,Peganum harmala L.,19,16,20.228849585851034,166,top_30,0.9299543180335001,0.9281416688520308,0.9188219736705028,0.922432440270601,0.1682440414721065
Top-30,train,top_train_summary/mobilenetv2_stageF_top_30_train_summary161_180.csv,mobilenetv2_stageF_top_30,Train,93.01718512073091,92.68997574728704,91.84911545033007,92.16393932965131,0.1725078316842732,adjusted_norm_sqrt_inv,Ephedra alata Decne.,Stachys aegyptiaca Pers.,Peganum harmala L.,19,16,20.073478651046752,167,top_30,0.9301718512073092,0.9268997574728703,0.9184911545033008,0.9216393932965131,0.1725078316842732
Top-30,train,top_train_summary/mobilenetv2_stageF_top_30_train_summary161_180.csv,mobilenetv2_stageF_top_30,Train,93.24559495323037,92.92807331741568,91.95917766723429,92.33686901462995,0.1649402406633548,adjusted_norm_sqrt_inv,Echinops glaberrimus DC.,Atriplex halimus L.,others,18,16,22.60139365196228,168,top_30,0.9324559495323037,0.9292807331741568,0.9195917766723428,0.9233686901462995,0.1649402406633548
Top-30,train,top_train_summary/mobilenetv2_stageF_top_30_train_summary161_180.csv,mobilenetv2_stageF_top_30,Train,93.14226669567108,92.83446159612716,92.18157607858642,92.39772714872564,0.1658646092114403,adjusted_norm_sqrt_inv,Ephedra alata Decne.,Diplotaxis harra (Forssk.) Boiss.,Anabasis articulata (Forssk.) Moq.,18,16,22.85789793332418,169,top_30,0.9314226669567108,0.9283446159612716,0.9218157607858641,0.9239772714872564,0.1658646092114403
Top-30,train,top_train_summary/mobilenetv2_stageF_top_30_train_summary161_180.csv,mobilenetv2_stageF_top_30,Train,93.47400478572982,93.13144492081504,92.30861731060423,92.6174578255029,0.158287320687719,adjusted_norm_sqrt_inv,Ephedra alata Decne.,Cenchrus divisus,Zilla spinosa (L.) Prantl,21,16,22.522908929983775,170,top_30,0.9347400478572981,0.9313144492081504,0.9230861731060424,0.9261745782550289,0.158287320687719
Top-30,train,top_train_summary/mobilenetv2_stageF_top_30_train_summary161_180.csv,mobilenetv2_stageF_top_30,Train,93.34892321078964,93.11697006477256,92.12515150727104,92.51829890792092,0.158555161319673,adjusted_norm_sqrt_inv,Ephedra alata Decne.,Diplotaxis harra (Forssk.) Boiss.,Peganum harmala L.,20,16,23.082917630672455,171,top_30,0.9334892321078964,0.9311697006477256,0.9212515150727104,0.9251829890792093,0.158555161319673
Top-30,train,top_train_summary/mobilenetv2_stageF_top_30_train_summary161_180.csv,mobilenetv2_stageF_top_30,Train,93.28910158799216,93.03921195152704,92.1502766302322,92.4951446690972,0.1629559137129589,adjusted_norm_sqrt_inv,Ephedra alata Decne.,Limonium pruinosum (L.) Chaz.,Peganum harmala L.,21,16,23.885019052028657,172,top_30,0.9328910158799216,0.9303921195152703,0.921502766302322,0.924951446690972,0.1629559137129589
Top-30,train,top_train_summary/mobilenetv2_stageF_top_30_train_summary161_180.csv,mobilenetv2_stageF_top_30,Train,93.24015662388514,93.19650650480608,92.03192673815016,92.4921978195544,0.1556439539223261,adjusted_norm_sqrt_inv,Ephedra alata Decne.,Nitraria retusa (Forssk.) Asch.,Anabasis articulata (Forssk.) Moq.,20,16,23.32955714861552,173,top_30,0.9324015662388514,0.9319650650480608,0.9203192673815016,0.924921978195544,0.1556439539223261
Top-30,train,top_train_summary/mobilenetv2_stageF_top_30_train_summary161_180.csv,mobilenetv2_stageF_top_30,Train,93.40874483358712,93.2202693792212,92.53274085368396,92.77867882027418,0.159758667787132,adjusted_norm_sqrt_inv,Calotropis procera,Gymnocarpos decander Forssk.,Peganum harmala L.,21,16,24.228312933444975,174,top_30,0.9340874483358712,0.9322026937922119,0.9253274085368396,0.9277867882027419,0.159758667787132
Top-30,train,top_train_summary/mobilenetv2_stageF_top_30_train_summary161_180.csv,mobilenetv2_stageF_top_30,Train,93.67522297150316,93.43415954117168,92.76172970205764,93.00154649373566,0.15028333010071,adjusted_norm_sqrt_inv,Ephedra alata Decne.,Stachys aegyptiaca Pers.,Peganum harmala L.,18,16,23.45386864741643,175,top_30,0.9367522297150316,0.9343415954117168,0.9276172970205764,0.9300154649373567,0.15028333010071
Top-30,train,top_train_summary/mobilenetv2_stageF_top_30_train_summary161_180.csv,mobilenetv2_stageF_top_30,Train,93.6425929954318,93.41778133940674,92.6691308784412,92.94672576872368,0.1540623772484453,adjusted_norm_sqrt_inv,Ephedra alata Decne.,Cebatha pendula (J.R.Forst. & G.Forst.) Kuntze,Zilla spinosa (L.) Prantl,19,16,23.393228697776795,176,top_30,0.936425929954318,0.9341778133940675,0.926691308784412,0.9294672576872368,0.1540623772484453
Top-30,train,top_train_summary/mobilenetv2_stageF_top_30_train_summary161_180.csv,mobilenetv2_stageF_top_30,Train,93.59908636067,93.4256758904266,92.50484097462788,92.86319845478108,0.149270890675809,adjusted_norm_sqrt_inv,Ephedra alata Decne.,Atriplex halimus L.,Zilla spinosa (L.) Prantl,21,16,22.924425137043,177,top_30,0.9359908636067,0.9342567589042661,0.9250484097462788,0.9286319845478108,0.149270890675809
Top-30,train,top_train_summary/mobilenetv2_stageF_top_30_train_summary161_180.csv,mobilenetv2_stageF_top_30,Train,93.38699151620622,92.93015803584149,92.28302879624589,92.50510006528413,0.161712336120722,adjusted_norm_sqrt_inv,Ephedra alata Decne.,Stachys aegyptiaca Pers.,Deverra tortuosa (Desf.) DC.,19,16,23.762926733493806,178,top_30,0.9338699151620622,0.9293015803584148,0.9228302879624589,0.9250510006528413,0.161712336120722
Top-30,train,top_train_summary/mobilenetv2_stageF_top_30_train_summary161_180.csv,mobilenetv2_stageF_top_30,Train,93.93082445072874,93.64507658761744,92.92369784135094,93.2092360651014,0.1535620912536978,adjusted_norm_sqrt_inv,Ephedra alata Decne.,Atriplex halimus L.,Zilla spinosa (L.) Prantl,22,16,23.384539767106375,179,top_30,0.9393082445072873,0.9364507658761744,0.9292369784135094,0.932092360651014,0.1535620912536978
Top-30,train,top_train_summary/mobilenetv2_stageF_top_30_train_summary161_180.csv,mobilenetv2_stageF_top_30,Train,93.74048292364586,93.42113281183929,92.71737434449769,92.9794673487274,0.1466361409328554,adjusted_norm_sqrt_inv,Calotropis procera,Stachys aegyptiaca Pers.,Peganum harmala L.,21,16,23.453661998112995,180,top_30,0.9374048292364585,0.9342113281183928,0.9271737434449768,0.929794673487274,0.1466361409328554
Top-30,train,top_train_summary/mobilenetv2_stageF_top_30_train_summary181_195.csv,mobilenetv2_stageF_top_30,Train,96.03545790733088,95.78558208756785,95.31817121446468,95.5096957787568,0.0891332732936691,adjusted_norm_sqrt_inv,Zygophyllum molle (Delile) Christenh. & Byng,Limonium pruinosum (L.) Chaz.,Peganum harmala L.,21,16,21.931345983346304,181,top_30,0.9603545790733088,0.9578558208756784,0.9531817121446469,0.955096957787568,0.0891332732936691
Top-30,train,top_train_summary/mobilenetv2_stageF_top_30_train_summary181_195.csv,mobilenetv2_stageF_top_30,Train,96.43789427887752,96.3579934142844,95.75053151804904,96.01071512742864,0.0795171352313912,adjusted_norm_sqrt_inv,Echinops glaberrimus DC.,Anabasis setifera Moq.,Zilla spinosa (L.) Prantl,19,16,23.15495106379191,182,top_30,0.9643789427887752,0.9635799341428439,0.9575053151804904,0.9601071512742864,0.0795171352313912
Top-30,train,top_train_summary/mobilenetv2_stageF_top_30_train_summary181_195.csv,mobilenetv2_stageF_top_30,Train,96.47596258429412,96.17378741465976,95.8615860582884,95.98614016314396,0.0762052448456297,adjusted_norm_sqrt_inv,Zygophyllum molle (Delile) Christenh. & Byng,Capparis spinosa L.,Peganum harmala L.,19,16,23.86424440145493,183,top_30,0.9647596258429413,0.9617378741465976,0.958615860582884,0.9598614016314396,0.0762052448456297
Top-30,train,top_train_summary/mobilenetv2_stageF_top_30_train_summary181_195.csv,mobilenetv2_stageF_top_30,Train,96.6282358059604,96.34569855942982,95.89138357605704,96.090565207355,0.0752340655255576,adjusted_norm_sqrt_inv,Echinops glaberrimus DC.,Stachys aegyptiaca Pers.,Deverra tortuosa (Desf.) DC.,19,16,22.092832346757252,184,top_30,0.966282358059604,0.9634569855942982,0.9589138357605704,0.9609056520735499,0.0752340655255576
Top-30,train,top_train_summary/mobilenetv2_stageF_top_30_train_summary181_195.csv,mobilenetv2_stageF_top_30,Train,96.7805090276267,96.62931160730612,96.3041214115541,96.43793381910308,0.0667461498958342,adjusted_norm_sqrt_inv,Echinops glaberrimus DC.,Zygophyllum arabicum (L.) Christenh. & Byng,others,20,16,21.81159936587016,185,top_30,0.967805090276267,0.9662931160730612,0.9630412141155411,0.9643793381910308,0.0667461498958342
Top-30,train,top_train_summary/mobilenetv2_stageF_top_30_train_summary181_195.csv,mobilenetv2_stageF_top_30,Train,96.85664563845988,96.62113331973576,96.19386538012924,96.37827136207574,0.069249184836188,adjusted_norm_sqrt_inv,Echinops glaberrimus DC.,Nitraria retusa (Forssk.) Asch.,Peganum harmala L.,19,16,22.09568206469218,186,top_30,0.9685664563845988,0.9662113331973576,0.9619386538012924,0.9637827136207574,0.069249184836188
Top-30,train,top_train_summary/mobilenetv2_stageF_top_30_train_summary181_195.csv,mobilenetv2_stageF_top_30,Train,96.6717424407222,96.47720427329672,95.9889138117852,96.20513512583118,0.0699660477284139,adjusted_norm_sqrt_inv,Ephedra alata Decne.,Stachys aegyptiaca Pers.,Peganum harmala L.,21,16,22.560110004742945,187,top_30,0.966717424407222,0.9647720427329672,0.9598891381178519,0.9620513512583118,0.0699660477284139
Top-30,train,top_train_summary/mobilenetv2_stageF_top_30_train_summary181_195.csv,mobilenetv2_stageF_top_30,Train,96.70437241679356,96.5851972746164,96.1270900657776,96.32509182800692,0.0716524248505416,adjusted_norm_sqrt_inv,Echinops glaberrimus DC.,Gymnocarpos decander Forssk.,Anabasis articulata (Forssk.) Moq.,21,16,21.941053382555644,188,top_30,0.9670437241679356,0.9658519727461641,0.961270900657776,0.9632509182800691,0.0716524248505416
Top-30,train,top_train_summary/mobilenetv2_stageF_top_30_train_summary181_195.csv,mobilenetv2_stageF_top_30,Train,96.87296062649554,96.73552733967992,96.17401101302916,96.42755185356128,0.0674870319486312,adjusted_norm_sqrt_inv,Echinops glaberrimus DC.,Capparis spinosa L.,Peganum harmala L.,21,16,23.01066273450851,189,top_30,0.9687296062649554,0.9673552733967992,0.9617401101302916,0.9642755185356129,0.0674870319486312
Top-30,train,top_train_summary/mobilenetv2_stageF_top_30_train_summary181_195.csv,mobilenetv2_stageF_top_30,Train,97.1666304111377,97.14115171909236,96.57724145600125,96.8332377413704,0.0633916863527796,adjusted_norm_sqrt_inv,Ephedra alata Decne.,Lycium shawii Roem. & Schult.,Peganum harmala L.,21,16,22.46408314704895,190,top_30,0.971666304111377,0.9714115171909237,0.9657724145600125,0.9683323774137039,0.0633916863527796
Top-30,train,top_train_summary/mobilenetv2_stageF_top_30_train_summary181_195.csv,mobilenetv2_stageF_top_30,Train,97.101370458995,96.98968783966389,96.58940909544064,96.7700539204709,0.0630821396218127,adjusted_norm_sqrt_inv,Zygophyllum molle (Delile) Christenh. & Byng,Stachys aegyptiaca Pers.,Salsola imbricata Forssk.,21,16,22.79130458434423,191,top_30,0.9710137045899501,0.9698968783966389,0.9658940909544065,0.967700539204709,0.0630821396218127
Top-30,train,top_train_summary/mobilenetv2_stageF_top_30_train_summary181_195.csv,mobilenetv2_stageF_top_30,Train,97.22645203393516,97.11141288312012,96.64080758893196,96.84795293907622,0.0611843069156874,adjusted_norm_sqrt_inv,Heliotropium arbainense Fresen.,Zygophyllum arabicum (L.) Christenh. & Byng,others,20,16,23.358603298664093,192,top_30,0.9722645203393516,0.9711141288312013,0.9664080758893197,0.9684795293907622,0.0611843069156874
Top-30,train,top_train_summary/mobilenetv2_stageF_top_30_train_summary181_195.csv,mobilenetv2_stageF_top_30,Train,97.30258864476832,97.0946287894192,96.84910242289696,96.9522032381847,0.0536838528503785,adjusted_norm_sqrt_inv,Heliotropium arbainense Fresen.,Stachys aegyptiaca Pers.,Anabasis articulata (Forssk.) Moq.,21,16,22.28295633395513,193,top_30,0.9730258864476832,0.970946287894192,0.9684910242289696,0.969522032381847,0.0536838528503785
Top-30,train,top_train_summary/mobilenetv2_stageF_top_30_train_summary181_195.csv,mobilenetv2_stageF_top_30,Train,97.24820535131607,97.1113273910253,96.6520544341957,96.8567173039414,0.060316534269925,adjusted_norm_sqrt_inv,Tamarix nilotica (Ehrenb.) Bunge,Deverra triradiata Hochst. ex Boiss.,Zilla spinosa (L.) Prantl,22,16,23.35968939860662,194,top_30,0.9724820535131607,0.971113273910253,0.966520544341957,0.968567173039414,0.060316534269925
Top-30,train,top_train_summary/mobilenetv2_stageF_top_30_train_summary181_195.csv,mobilenetv2_stageF_top_30,Train,97.1666304111377,96.95731335058392,96.60004723240256,96.75660536615209,0.0615805136944855,adjusted_norm_sqrt_inv,Echinops glaberrimus DC.,Cenchrus divisus,Zilla spinosa (L.) Prantl,21,16,21.568008116881053,195,top_30,0.971666304111377,0.9695731335058392,0.9660004723240256,0.9675660536615208,0.0615805136944855
Top-30,train,top_train_summary/mobilenetv2_stageF_top_30_train_summary196_210.csv,mobilenetv2_stageF_top_30,Train,97.28627365673265,97.13537854842714,96.716727015662,96.89938992965278,0.0580399479698794,adjusted_norm_sqrt_inv,Zygophyllum molle (Delile) Christenh. & Byng,Limonium pruinosum (L.) Chaz.,Peganum harmala L.,21,16,20.454108548164367,196,top_30,0.9728627365673265,0.9713537854842714,0.9671672701566201,0.9689938992965278,0.0580399479698794
Top-30,train,top_train_summary/mobilenetv2_stageF_top_30_train_summary196_210.csv,mobilenetv2_stageF_top_30,Train,97.17750706982817,96.99414670152822,96.62208565675608,96.77859504484168,0.0589898173324763,adjusted_norm_sqrt_inv,Ephedra alata Decne.,Anabasis setifera Moq.,Zilla spinosa (L.) Prantl,22,16,21.742741417884822,197,top_30,0.9717750706982816,0.9699414670152823,0.9662208565675608,0.9677859504484168,0.0589898173324763
Top-30,train,top_train_summary/mobilenetv2_stageF_top_30_train_summary196_210.csv,mobilenetv2_stageF_top_30,Train,97.43310854905371,97.40829876650125,96.92010998175938,97.14124204375034,0.0550991013359642,adjusted_norm_sqrt_inv,Zygophyllum molle (Delile) Christenh. & Byng,Zygophyllum arabicum (L.) Christenh. & Byng,Deverra tortuosa (Desf.) DC.,19,16,22.330978564421336,198,top_30,0.9743310854905372,0.9740829876650124,0.9692010998175938,0.9714124204375034,0.0550991013359642
Top-30,train,top_train_summary/mobilenetv2_stageF_top_30_train_summary196_210.csv,mobilenetv2_stageF_top_30,Train,97.40047857298238,97.29402010639885,96.9399806947658,97.1010890412564,0.0580068325237168,adjusted_norm_sqrt_inv,Heliotropium arbainense Fresen.,Diplotaxis harra (Forssk.) Boiss.,Zilla spinosa (L.) Prantl,23,16,22.94906539916992,199,top_30,0.9740047857298237,0.9729402010639885,0.9693998069476579,0.971010890412564,0.0580068325237168
Top-30,train,top_train_summary/mobilenetv2_stageF_top_30_train_summary196_210.csv,mobilenetv2_stageF_top_30,Train,97.34609527953012,97.08244587583292,96.7460162095073,96.89217495784868,0.0537488965953335,adjusted_norm_sqrt_inv,Ephedra alata Decne.,Lycium shawii Roem. & Schult.,Peganum harmala L.,21,16,21.88678489526113,200,top_30,0.9734609527953012,0.9708244587583291,0.967460162095073,0.9689217495784868,0.0537488965953335
Top-30,train,top_train_summary/mobilenetv2_stageF_top_30_train_summary196_210.csv,mobilenetv2_stageF_top_30,Train,97.4494235370894,97.37123476906405,96.8186896319155,97.06821246620578,0.0526870329649714,adjusted_norm_sqrt_inv,Heliotropium arbainense Fresen.,Capparis spinosa L.,Zilla spinosa (L.) Prantl,19,16,25.873236382007597,201,top_30,0.974494235370894,0.9737123476906404,0.968186896319155,0.9706821246620578,0.0526870329649714
Top-30,train,top_train_summary/mobilenetv2_stageF_top_30_train_summary196_210.csv,mobilenetv2_stageF_top_30,Train,97.62888840548185,97.62298057610164,97.29707478070276,97.44233523721496,0.0491744539578971,adjusted_norm_sqrt_inv,Heliotropium arbainense Fresen.,Deverra triradiata Hochst. ex Boiss.,Zilla spinosa (L.) Prantl,23,16,25.86551608244578,202,top_30,0.9762888840548185,0.9762298057610164,0.9729707478070275,0.9744233523721496,0.0491744539578971
Top-30,train,top_train_summary/mobilenetv2_stageF_top_30_train_summary196_210.csv,mobilenetv2_stageF_top_30,Train,97.3841635849467,97.21233155418528,96.83718092477132,97.0027411439238,0.0563210485532434,adjusted_norm_sqrt_inv,Heliotropium arbainense Fresen.,Zygophyllum coccineum,Peganum harmala L.,21,16,25.675461717446645,203,top_30,0.973841635849467,0.9721233155418528,0.9683718092477132,0.970027411439238,0.0563210485532434
Top-30,train,top_train_summary/mobilenetv2_stageF_top_30_train_summary196_210.csv,mobilenetv2_stageF_top_30,Train,97.39504024363715,97.16507636894602,96.88332924142908,97.00364623543396,0.0540103982692665,adjusted_norm_sqrt_inv,Ephedra alata Decne.,Anabasis setifera Moq.,Peganum harmala L.,22,16,26.1015154838562,204,top_30,0.9739504024363715,0.9716507636894601,0.9688332924142908,0.9700364623543396,0.0540103982692665
Top-30,train,top_train_summary/mobilenetv2_stageF_top_30_train_summary196_210.csv,mobilenetv2_stageF_top_30,Train,97.54187513595824,97.2568987737068,97.0607219715946,97.14415177697816,0.0497783493293125,adjusted_norm_sqrt_inv,Heliotropium arbainense Fresen.,Zygophyllum arabicum (L.) Christenh. & Byng,Peganum harmala L.,19,16,26.12516343196233,205,top_30,0.9754187513595823,0.9725689877370679,0.970607219715946,0.9714415177697816,0.0497783493293125
Top-30,train,top_train_summary/mobilenetv2_stageF_top_30_train_summary196_210.csv,mobilenetv2_stageF_top_30,Train,97.55819012399392,97.41776786226482,97.03728986138742,97.20176316214776,0.0507874621641214,adjusted_norm_sqrt_inv,Zygophyllum molle (Delile) Christenh. & Byng,Diplotaxis harra (Forssk.) Boiss.,Peganum harmala L.,21,16,26.836684131622313,206,top_30,0.9755819012399393,0.9741776786226483,0.9703728986138742,0.9720176316214776,0.0507874621641214
Top-30,train,top_train_summary/mobilenetv2_stageF_top_30_train_summary196_210.csv,mobilenetv2_stageF_top_30,Train,97.59082010006526,97.6166099018569,97.25719703724424,97.42291582542352,0.0492404766523522,adjusted_norm_sqrt_inv,Tamarix nilotica (Ehrenb.) Bunge,Atriplex halimus L.,Zilla spinosa (L.) Prantl,20,16,26.63921238581339,207,top_30,0.9759082010006526,0.976166099018569,0.9725719703724424,0.9742291582542352,0.0492404766523522
Top-30,train,top_train_summary/mobilenetv2_stageF_top_30_train_summary196_210.csv,mobilenetv2_stageF_top_30,Train,97.8572982379813,97.72030498807251,97.30116529225616,97.49384173988736,0.044470507055521,adjusted_norm_sqrt_inv,Calotropis procera,Cebatha pendula (J.R.Forst. & G.Forst.) Kuntze,Deverra tortuosa (Desf.) DC.,19,16,27.12815658251445,208,top_30,0.9785729823798129,0.9772030498807251,0.9730116529225615,0.9749384173988735,0.044470507055521
Top-30,train,top_train_summary/mobilenetv2_stageF_top_30_train_summary196_210.csv,mobilenetv2_stageF_top_30,Train,97.63976506417228,97.41823258221577,97.34416121195304,97.36312499431082,0.0486417752292776,adjusted_norm_sqrt_inv,Echinops glaberrimus DC.,Gymnocarpos decander Forssk.,Salsola imbricata Forssk.,21,16,27.38426478703817,209,top_30,0.9763976506417228,0.9741823258221577,0.9734416121195304,0.9736312499431082,0.0486417752292776
Top-30,train,top_train_summary/mobilenetv2_stageF_top_30_train_summary196_210.csv,mobilenetv2_stageF_top_30,Train,97.536436806613,97.48330213562777,97.20344965955498,97.32509366984054,0.0497219549629675,adjusted_norm_sqrt_inv,Ephedra alata Decne.,Lycium shawii Roem. & Schult.,Zilla spinosa (L.) Prantl,20,16,27.7252326130867,210,top_30,0.9753643680661299,0.9748330213562777,0.9720344965955497,0.9732509366984055,0.0497219549629675
Top-30,train,top_train_summary/mobilenetv2_stageF_top_30_train_summary211_220.csv,mobilenetv2_stageF_top_30,Train,97.54731346530346,97.3714833785986,97.06061109001162,97.19167120670494,0.0460836744294299,adjusted_norm_sqrt_inv,Limonium pruinosum (L.) Chaz.,Calotropis procera,Zilla spinosa (L.) Prantl,22,16,25.95633986790975,211,top_30,0.9754731346530346,0.973714833785986,0.9706061109001162,0.9719167120670494,0.0460836744294299
Top-30,train,top_train_summary/mobilenetv2_stageF_top_30_train_summary211_220.csv,mobilenetv2_stageF_top_30,Train,97.68327169893408,97.53306969908655,97.39949854403136,97.4505107483783,0.0487908919378305,adjusted_norm_sqrt_inv,Cenchrus divisus,Atriplex halimus L.,Zilla spinosa (L.) Prantl,21,16,42.667749186356865,212,top_30,0.9768327169893408,0.9753306969908655,0.9739949854403136,0.974505107483783,0.0487908919378305
Top-30,train,top_train_summary/mobilenetv2_stageF_top_30_train_summary211_220.csv,mobilenetv2_stageF_top_30,Train,97.77572329780293,97.76623469752028,97.31867187858018,97.52103924488952,0.047524714994386,adjusted_norm_sqrt_inv,Echinops glaberrimus DC.,Stachys aegyptiaca Pers.,Zilla spinosa (L.) Prantl,21,16,28.13803344964981,213,top_30,0.9777572329780293,0.9776623469752027,0.9731867187858018,0.9752103924488952,0.047524714994386
Top-30,train,top_train_summary/mobilenetv2_stageF_top_30_train_summary211_220.csv,mobilenetv2_stageF_top_30,Train,97.75940830976724,97.57111251597524,97.38175693183008,97.46047922483136,0.0470972968918858,adjusted_norm_sqrt_inv,Heliotropium arbainense Fresen.,Zygophyllum coccineum,Zilla spinosa (L.) Prantl,20,16,39.64536379973094,214,top_30,0.9775940830976724,0.9757111251597524,0.9738175693183009,0.9746047922483136,0.0470972968918858
Top-30,train,top_train_summary/mobilenetv2_stageF_top_30_train_summary211_220.csv,mobilenetv2_stageF_top_30,Train,97.80835327387426,97.81035979544082,97.38572062325254,97.58048872247006,0.0463577069133601,adjusted_norm_sqrt_inv,Echinops glaberrimus DC.,Zygophyllum arabicum (L.) Christenh. & Byng,Zilla spinosa (L.) Prantl,19,16,31.47748953104019,215,top_30,0.9780835327387426,0.9781035979544082,0.9738572062325254,0.9758048872247006,0.0463577069133601
Top-30,train,top_train_summary/mobilenetv2_stageF_top_30_train_summary211_220.csv,mobilenetv2_stageF_top_30,Train,97.7974766151838,97.6438784537812,97.42077763637138,97.51628386762152,0.0459124418320235,adjusted_norm_sqrt_inv,Heliotropium arbainense Fresen.,Zygophyllum arabicum (L.) Christenh. & Byng,Deverra tortuosa (Desf.) DC.,21,16,25.055445047219596,216,top_30,0.977974766151838,0.976438784537812,0.9742077763637138,0.9751628386762152,0.0459124418320235
Top-30,train,top_train_summary/mobilenetv2_stageF_top_30_train_summary211_220.csv,mobilenetv2_stageF_top_30,Train,97.90624320208832,97.91637236256096,97.5311232243873,97.71205344499802,0.0420248180708807,adjusted_norm_sqrt_inv,Calotropis procera,Diplotaxis harra (Forssk.) Boiss.,Salsola imbricata Forssk.,20,16,26.879829200108848,217,top_30,0.9790624320208832,0.9791637236256097,0.9753112322438731,0.9771205344499801,0.0420248180708807
Top-30,train,top_train_summary/mobilenetv2_stageF_top_30_train_summary211_220.csv,mobilenetv2_stageF_top_30,Train,97.73765499238634,97.60319991993292,97.24597393982324,97.40923730740413,0.0456384699080017,adjusted_norm_sqrt_inv,Echinops glaberrimus DC.,Cebatha pendula (J.R.Forst. & G.Forst.) Kuntze,Zilla spinosa (L.) Prantl,21,16,25.872356335322063,218,top_30,0.9773765499238634,0.9760319991993291,0.9724597393982325,0.9740923730740413,0.0456384699080017
Top-30,train,top_train_summary/mobilenetv2_stageF_top_30_train_summary211_220.csv,mobilenetv2_stageF_top_30,Train,97.922558190124,97.89171704073844,97.55620232734,97.71178521658923,0.0402589024636773,adjusted_norm_sqrt_inv,Zygophyllum molle (Delile) Christenh. & Byng,Zygophyllum coccineum,Zilla spinosa (L.) Prantl,21,16,25.181549350420635,219,top_30,0.97922558190124,0.9789171704073845,0.9755620232734,0.9771178521658923,0.0402589024636773
Top-30,train,top_train_summary/mobilenetv2_stageF_top_30_train_summary211_220.csv,mobilenetv2_stageF_top_30,Train,97.92799651946922,97.807747518139,97.72132610022238,97.75348028752508,0.0430511689894205,adjusted_norm_sqrt_inv,Cenchrus divisus,Iphiona mucronata (Forssk.) Asch. & Schweinf.,Zilla spinosa (L.) Prantl,19,16,28.474053386847174,220,top_30,0.9792799651946922,0.97807747518139,0.9772132610022238,0.9775348028752507,0.0430511689894205
Top-30,validation,top_val_summary/mobilenetv2_stageF_top_30_val_summary128_140.csv,mobilenetv2_stageF_top_30,Validation,82.53348214285714,0.8489711003792382,0.8561152697381789,0.8445991574248274,0.7482178368121825,norm_sqrt_inv,Iphiona mucronata (Forssk.) Asch. & Schweinf.,others,Trichodesma africanum (L.) Sm.,19,16,8.11956254641215,128,top_30,0.8253348214285714,0.8489711003792382,0.8561152697381789,0.8445991574248274,0.7482178368121825
Top-30,validation,top_val_summary/mobilenetv2_stageF_top_30_val_summary128_140.csv,mobilenetv2_stageF_top_30,Validation,82.49627976190476,0.8372265926293015,0.8539114506869165,0.8341015845380356,0.7354693845870892,norm_sqrt_inv,Zygophyllum molle (Delile) Christenh. & Byng,Zilla spinosa (L.) Prantl,Trichodesma africanum (L.) Sm.,18,16,9.302638630072275,129,top_30,0.8249627976190476,0.8372265926293015,0.8539114506869165,0.8341015845380356,0.7354693845870892
Top-30,validation,top_val_summary/mobilenetv2_stageF_top_30_val_summary128_140.csv,mobilenetv2_stageF_top_30,Validation,82.75669642857143,0.8360458011949153,0.8564454012736896,0.8344648067065976,0.7311026080781233,norm_sqrt_inv,Iphiona mucronata (Forssk.) Asch. & Schweinf.,Diplotaxis harra (Forssk.) Boiss.,Trichodesma africanum (L.) Sm.,17,16,7.659992750485738,130,top_30,0.8275669642857143,0.8360458011949153,0.8564454012736896,0.8344648067065976,0.7311026080781233
Top-30,validation,top_val_summary/mobilenetv2_stageF_top_30_val_summary128_140.csv,mobilenetv2_stageF_top_30,Validation,83.83556547619048,0.8450920851064979,0.8649673513224637,0.8454513833933335,0.6659779181221559,norm_sqrt_inv,Iphiona mucronata (Forssk.) Asch. & Schweinf.,Ephedra alata Decne.,Trichodesma africanum (L.) Sm.,15,16,7.204149516423543,131,top_30,0.8383556547619048,0.8450920851064979,0.8649673513224637,0.8454513833933335,0.6659779181221559
Top-30,validation,top_val_summary/mobilenetv2_stageF_top_30_val_summary128_140.csv,mobilenetv2_stageF_top_30,Validation,83.3891369047619,0.842745834712034,0.8610638592590181,0.8413366239313812,0.6842163342976209,norm_sqrt_inv,Salsola imbricata Forssk.,Haloxylon salicornicum (Moq.) Bunge ex Boiss.,Trichodesma africanum (L.) Sm.,15,16,7.855365848541259,132,top_30,0.833891369047619,0.842745834712034,0.8610638592590181,0.8413366239313812,0.6842163342976209
Top-30,validation,top_val_summary/mobilenetv2_stageF_top_30_val_summary128_140.csv,mobilenetv2_stageF_top_30,Validation,84.05877976190476,0.8466605110306954,0.8660458370470245,0.8457820984234683,0.6421392755439108,norm_sqrt_inv,Iphiona mucronata (Forssk.) Asch. & Schweinf.,Diplotaxis harra (Forssk.) Boiss.,Trichodesma africanum (L.) Sm.,14,16,7.901196134090424,133,top_30,0.8405877976190476,0.8466605110306954,0.8660458370470245,0.8457820984234683,0.6421392755439108
Top-30,validation,top_val_summary/mobilenetv2_stageF_top_30_val_summary128_140.csv,mobilenetv2_stageF_top_30,Validation,83.64955357142857,0.844493668763641,0.8639955775224217,0.8437956097251669,0.6729586181828602,norm_sqrt_inv,Iphiona mucronata (Forssk.) Asch. & Schweinf.,Zygophyllum coccineum,Trichodesma africanum (L.) Sm.,18,16,7.77343049844106,134,top_30,0.8364955357142857,0.844493668763641,0.8639955775224217,0.8437956097251669,0.6729586181828602
Top-30,validation,top_val_summary/mobilenetv2_stageF_top_30_val_summary128_140.csv,mobilenetv2_stageF_top_30,Validation,85.26785714285714,0.8597523176319631,0.8791466699639425,0.8603279746697947,0.6165577046063472,norm_sqrt_inv,Zygophyllum molle (Delile) Christenh. & Byng,Zygophyllum coccineum,Trichodesma africanum (L.) Sm.,20,16,7.784216916561126,135,top_30,0.8526785714285714,0.8597523176319631,0.8791466699639425,0.8603279746697947,0.6165577046063472
Top-30,validation,top_val_summary/mobilenetv2_stageF_top_30_val_summary128_140.csv,mobilenetv2_stageF_top_30,Validation,84.26339285714286,0.8518521729171387,0.8689824464941127,0.8511394681305301,0.6272602992904414,norm_sqrt_inv,Iphiona mucronata (Forssk.) Asch. & Schweinf.,Diplotaxis harra (Forssk.) Boiss.,Trichodesma africanum (L.) Sm.,17,16,7.786219620704651,136,top_30,0.8426339285714286,0.8518521729171387,0.8689824464941127,0.8511394681305301,0.6272602992904414
Top-30,validation,top_val_summary/mobilenetv2_stageF_top_30_val_summary128_140.csv,mobilenetv2_stageF_top_30,Validation,84.46800595238095,0.8528650736809311,0.8687580175646458,0.8510485393650913,0.6201570605542563,norm_sqrt_inv,Iphiona mucronata (Forssk.) Asch. & Schweinf.,Suaeda aegyptiaca (Hasselq.) Zohary,Trichodesma africanum (L.) Sm.,16,16,7.913067853450775,137,top_30,0.8446800595238095,0.8528650736809311,0.8687580175646458,0.8510485393650913,0.6201570605542563
Top-30,validation,top_val_summary/mobilenetv2_stageF_top_30_val_summary128_140.csv,mobilenetv2_stageF_top_30,Validation,84.69122023809524,0.8540159209031388,0.8693260995742955,0.8520810000713193,0.6101934765937288,norm_sqrt_inv,Iphiona mucronata (Forssk.) Asch. & Schweinf.,Capparis spinosa L.,Trichodesma africanum (L.) Sm.,18,16,10.017036887009938,138,top_30,0.8469122023809524,0.8540159209031388,0.8693260995742955,0.8520810000713193,0.6101934765937288
Top-30,validation,top_val_summary/mobilenetv2_stageF_top_30_val_summary128_140.csv,mobilenetv2_stageF_top_30,Validation,84.85863095238095,0.855628314216532,0.8711056735828323,0.8537471803341291,0.6070321302834419,norm_sqrt_inv,Iphiona mucronata (Forssk.) Asch. & Schweinf.,Deverra tortuosa (Desf.) DC.,Trichodesma africanum (L.) Sm.,18,16,7.653640945752461,139,top_30,0.8485863095238095,0.855628314216532,0.8711056735828323,0.8537471803341291,0.6070321302834419
Top-30,validation,top_val_summary/mobilenetv2_stageF_top_30_val_summary128_140.csv,mobilenetv2_stageF_top_30,Validation,85.02604166666667,0.8562397337827825,0.8742974338682609,0.8555588671765312,0.5958177339183239,norm_sqrt_inv,Iphiona mucronata (Forssk.) Asch. & Schweinf.,Cebatha pendula (J.R.Forst. & G.Forst.) Kuntze,Trichodesma africanum (L.) Sm.,17,15,7.651384500662486,140,top_30,0.8502604166666667,0.8562397337827825,0.8742974338682609,0.8555588671765312,0.5958177339183239
Top-30,validation,top_val_summary/mobilenetv2_stageF_top_30_val_summary141_150.csv,mobilenetv2_stageF_top_30,Validation,86.01190476190476,0.8654778545996238,0.8833973798434421,0.8654814485865839,0.5727888961696082,norm_sqrt_inv,Iphiona mucronata (Forssk.) Asch. & Schweinf.,Suaeda aegyptiaca (Hasselq.) Zohary,Trichodesma africanum (L.) Sm.,19,16,7.369279332955679,141,top_30,0.8601190476190476,0.8654778545996238,0.8833973798434421,0.8654814485865839,0.5727888961696082
Top-30,validation,top_val_summary/mobilenetv2_stageF_top_30_val_summary141_150.csv,mobilenetv2_stageF_top_30,Validation,85.49107142857143,0.86414284862863,0.8763166886326593,0.8604810396760995,0.5820759546793086,norm_sqrt_inv,Zygophyllum molle (Delile) Christenh. & Byng,Zygophyllum coccineum,Trichodesma africanum (L.) Sm.,18,16,7.572995098431905,142,top_30,0.8549107142857143,0.86414284862863,0.8763166886326593,0.8604810396760995,0.5820759546793086
Top-30,validation,top_val_summary/mobilenetv2_stageF_top_30_val_summary141_150.csv,mobilenetv2_stageF_top_30,Validation,85.15625,0.8629307062244804,0.8764456021654811,0.8595378459796165,0.5985033586544457,norm_sqrt_inv,Iphiona mucronata (Forssk.) Asch. & Schweinf.,Gymnocarpos decander Forssk.,Trichodesma africanum (L.) Sm.,18,16,7.482035350799561,143,top_30,0.8515625,0.8629307062244804,0.8764456021654811,0.8595378459796165,0.5985033586544457
Top-30,validation,top_val_summary/mobilenetv2_stageF_top_30_val_summary141_150.csv,mobilenetv2_stageF_top_30,Validation,85.7514880952381,0.8673941709878151,0.8813595411178317,0.8655207243110965,0.5780370005335099,norm_sqrt_inv,Iphiona mucronata (Forssk.) Asch. & Schweinf.,Capparis spinosa L.,Trichodesma africanum (L.) Sm.,18,16,7.344111450513204,144,top_30,0.857514880952381,0.8673941709878151,0.8813595411178317,0.8655207243110965,0.5780370005335099
Top-30,validation,top_val_summary/mobilenetv2_stageF_top_30_val_summary141_150.csv,mobilenetv2_stageF_top_30,Validation,85.32366071428571,0.8632710024630976,0.8774825887097563,0.862140376463687,0.570101661296348,norm_sqrt_inv,Cenchrus divisus,Suaeda aegyptiaca (Hasselq.) Zohary,Trichodesma africanum (L.) Sm.,18,16,7.313297247886657,145,top_30,0.8532366071428571,0.8632710024630976,0.8774825887097563,0.862140376463687,0.570101661296348
Top-30,validation,top_val_summary/mobilenetv2_stageF_top_30_val_summary141_150.csv,mobilenetv2_stageF_top_30,Validation,85.26785714285714,0.8635395353554199,0.8772250227843804,0.8614828299700938,0.5819934793961566,norm_sqrt_inv,Iphiona mucronata (Forssk.) Asch. & Schweinf.,Deverra tortuosa (Desf.) DC.,Trichodesma africanum (L.) Sm.,20,16,7.171890465418498,146,top_30,0.8526785714285714,0.8635395353554199,0.8772250227843804,0.8614828299700938,0.5819934793961566
Top-30,validation,top_val_summary/mobilenetv2_stageF_top_30_val_summary141_150.csv,mobilenetv2_stageF_top_30,Validation,85.67708333333333,0.87016774081148,0.8819176982715461,0.8678090481876527,0.5734310653283694,norm_sqrt_inv,Cenchrus divisus,Suaeda aegyptiaca (Hasselq.) Zohary,Trichodesma africanum (L.) Sm.,19,16,7.263486846288045,147,top_30,0.8567708333333333,0.87016774081148,0.8819176982715461,0.8678090481876527,0.5734310653283694
Top-30,validation,top_val_summary/mobilenetv2_stageF_top_30_val_summary141_150.csv,mobilenetv2_stageF_top_30,Validation,85.99330357142857,0.8658565194050855,0.882339445536757,0.8662585343809904,0.540436377972803,norm_sqrt_inv,Iphiona mucronata (Forssk.) Asch. & Schweinf.,Diplotaxis harra (Forssk.) Boiss.,Trichodesma africanum (L.) Sm.,17,16,7.251525795459747,148,top_30,0.8599330357142857,0.8658565194050855,0.882339445536757,0.8662585343809904,0.540436377972803
Top-30,validation,top_val_summary/mobilenetv2_stageF_top_30_val_summary141_150.csv,mobilenetv2_stageF_top_30,Validation,86.27232142857143,0.8716880769081798,0.8874923552239057,0.8718867728606357,0.5524965866534598,norm_sqrt_inv,Cenchrus divisus,Cebatha pendula (J.R.Forst. & G.Forst.) Kuntze,Trichodesma africanum (L.) Sm.,18,16,7.436334232489268,149,top_30,0.8627232142857143,0.8716880769081798,0.8874923552239057,0.8718867728606357,0.5524965866534598
Top-30,validation,top_val_summary/mobilenetv2_stageF_top_30_val_summary141_150.csv,mobilenetv2_stageF_top_30,Validation,85.78869047619048,0.8675521382261084,0.8847259542534004,0.8690663866939693,0.5565252142048276,norm_sqrt_inv,Iphiona mucronata (Forssk.) Asch. & Schweinf.,Deverra tortuosa (Desf.) DC.,Trichodesma africanum (L.) Sm.,19,16,7.6952514012654625,150,top_30,0.8578869047619048,0.8675521382261084,0.8847259542534004,0.8690663866939693,0.5565252142048276
Top-30,validation,top_val_summary/mobilenetv2_stageF_top_30_val_summary151_155.csv,mobilenetv2_stageF_top_30,Validation,86.79315476190476,0.8746317945017784,0.8921215284722178,0.8770202728361369,0.5438964412312968,adjusted_norm_sqrt_inv,Iphiona mucronata (Forssk.) Asch. & Schweinf.,Diplotaxis harra (Forssk.) Boiss.,Trichodesma africanum (L.) Sm.,17,16,7.111533832550049,151,top_30,0.8679315476190476,0.8746317945017784,0.8921215284722178,0.8770202728361369,0.5438964412312968
Top-30,validation,top_val_summary/mobilenetv2_stageF_top_30_val_summary151_155.csv,mobilenetv2_stageF_top_30,Validation,86.96056547619048,0.8794928206511357,0.8917041074074984,0.8806153868352264,0.5048330642467092,adjusted_norm_sqrt_inv,Iphiona mucronata (Forssk.) Asch. & Schweinf.,Echinops glaberrimus DC.,Trichodesma africanum (L.) Sm.,17,16,8.255498317877452,152,top_30,0.8696056547619048,0.8794928206511357,0.8917041074074984,0.8806153868352264,0.5048330642467092
Top-30,validation,top_val_summary/mobilenetv2_stageF_top_30_val_summary151_155.csv,mobilenetv2_stageF_top_30,Validation,87.12797619047619,0.8827508109791423,0.8908787338011638,0.8822379191590554,0.4837370019620192,adjusted_norm_sqrt_inv,Salsola imbricata Forssk.,Gymnocarpos decander Forssk.,Trichodesma africanum (L.) Sm.,18,16,9.216586299737294,153,top_30,0.8712797619047619,0.8827508109791423,0.8908787338011638,0.8822379191590554,0.4837370019620192
Top-30,validation,top_val_summary/mobilenetv2_stageF_top_30_val_summary151_155.csv,mobilenetv2_stageF_top_30,Validation,87.09077380952381,0.8804093785603291,0.8933456083170562,0.8822037281253946,0.5052440314142602,adjusted_norm_sqrt_inv,Salsola imbricata Forssk.,Deverra triradiata Hochst. ex Boiss.,Trichodesma africanum (L.) Sm.,18,16,7.591401362419129,154,top_30,0.8709077380952381,0.8804093785603291,0.8933456083170562,0.8822037281253946,0.5052440314142602
Top-30,validation,top_val_summary/mobilenetv2_stageF_top_30_val_summary151_155.csv,mobilenetv2_stageF_top_30,Validation,87.59300595238095,0.8859796430653264,0.8979011793524722,0.8871715322632213,0.4944956573992189,adjusted_norm_sqrt_inv,Iphiona mucronata (Forssk.) Asch. & Schweinf.,Cebatha pendula (J.R.Forst. & G.Forst.) Kuntze,Trichodesma africanum (L.) Sm.,18,16,7.507517131169637,155,top_30,0.8759300595238095,0.8859796430653264,0.8979011793524722,0.8871715322632213,0.4944956573992189
Top-30,validation,top_val_summary/mobilenetv2_stageF_top_30_val_summary156_160.csv,mobilenetv2_stageF_top_30,Validation,87.42559523809524,0.8834328173696917,0.8978084551911838,0.8859108577834223,0.5030099940556816,adjusted_norm_sqrt_inv,Cenchrus divisus,Echinops glaberrimus DC.,Trichodesma africanum (L.) Sm.,19,16,7.82605550289154,156,top_30,0.8742559523809524,0.8834328173696917,0.8978084551911838,0.8859108577834223,0.5030099940556816
Top-30,validation,top_val_summary/mobilenetv2_stageF_top_30_val_summary156_160.csv,mobilenetv2_stageF_top_30,Validation,87.3139880952381,0.8836026357656076,0.8973153726327882,0.8858792605129353,0.4998214858035635,adjusted_norm_sqrt_inv,Iphiona mucronata (Forssk.) Asch. & Schweinf.,Echinops glaberrimus DC.,Trichodesma africanum (L.) Sm.,17,16,8.040188097953797,157,top_30,0.873139880952381,0.8836026357656076,0.8973153726327882,0.8858792605129353,0.4998214858035635
Top-30,validation,top_val_summary/mobilenetv2_stageF_top_30_val_summary156_160.csv,mobilenetv2_stageF_top_30,Validation,87.59300595238095,0.8850317369356533,0.8984655692102972,0.8877236001635455,0.4740900044066688,adjusted_norm_sqrt_inv,Iphiona mucronata (Forssk.) Asch. & Schweinf.,Gymnocarpos decander Forssk.,Trichodesma africanum (L.) Sm.,18,16,8.866769031683605,158,top_30,0.8759300595238095,0.8850317369356533,0.8984655692102972,0.8877236001635455,0.4740900044066688
Top-30,validation,top_val_summary/mobilenetv2_stageF_top_30_val_summary156_160.csv,mobilenetv2_stageF_top_30,Validation,87.55580357142857,0.8875619350785162,0.8960633964366859,0.887715488756664,0.479754120593208,adjusted_norm_sqrt_inv,Cenchrus divisus,others,Trichodesma africanum (L.) Sm.,19,16,8.167894450823466,159,top_30,0.8755580357142857,0.8875619350785162,0.8960633964366859,0.887715488756664,0.479754120593208
Top-30,validation,top_val_summary/mobilenetv2_stageF_top_30_val_summary156_160.csv,mobilenetv2_stageF_top_30,Validation,87.44419642857143,0.8857385231305575,0.8972024901200334,0.8865788628527577,0.488012539043011,adjusted_norm_sqrt_inv,Cenchrus divisus,Gymnocarpos decander Forssk.,Trichodesma africanum (L.) Sm.,17,16,8.797514951229095,160,top_30,0.8744419642857143,0.8857385231305575,0.8972024901200334,0.8865788628527577,0.488012539043011
Top-30,validation,top_val_summary/mobilenetv2_stageF_top_30_val_summary161_180.csv,mobilenetv2_stageF_top_30,Validation,87.33258928571429,0.8800876217195226,0.895048199621729,0.8825832746396731,0.5045069363399661,adjusted_norm_sqrt_inv,Cenchrus divisus,Gymnocarpos decander Forssk.,Trichodesma africanum (L.) Sm.,17,16,7.506385350227356,161,top_30,0.8733258928571429,0.8800876217195226,0.895048199621729,0.8825832746396731,0.5045069363399661
Top-30,validation,top_val_summary/mobilenetv2_stageF_top_30_val_summary161_180.csv,mobilenetv2_stageF_top_30,Validation,87.64880952380952,0.8841337467788284,0.8985983412808859,0.8867961045705639,0.4776146692887486,adjusted_norm_sqrt_inv,Iphiona mucronata (Forssk.) Asch. & Schweinf.,Gymnocarpos decander Forssk.,Trichodesma africanum (L.) Sm.,18,16,7.502023037274679,162,top_30,0.8764880952380952,0.8841337467788284,0.8985983412808859,0.8867961045705639,0.4776146692887486
Top-30,validation,top_val_summary/mobilenetv2_stageF_top_30_val_summary161_180.csv,mobilenetv2_stageF_top_30,Validation,87.72321428571429,0.8890597553227914,0.8998827570824731,0.8902419190114811,0.4916308470337099,adjusted_norm_sqrt_inv,Cenchrus divisus,Ephedra alata Decne.,Trichodesma africanum (L.) Sm.,20,16,7.320795981089274,163,top_30,0.8772321428571429,0.8890597553227914,0.8998827570824731,0.8902419190114811,0.4916308470337099
Top-30,validation,top_val_summary/mobilenetv2_stageF_top_30_val_summary161_180.csv,mobilenetv2_stageF_top_30,Validation,87.55580357142857,0.8808102216971726,0.8952152017889965,0.882905587762755,0.481759644037819,adjusted_norm_sqrt_inv,Rumex vesicarius L.,Deverra tortuosa (Desf.) DC.,Trichodesma africanum (L.) Sm.,17,16,7.095485520362854,164,top_30,0.8755580357142857,0.8808102216971726,0.8952152017889965,0.882905587762755,0.481759644037819
Top-30,validation,top_val_summary/mobilenetv2_stageF_top_30_val_summary161_180.csv,mobilenetv2_stageF_top_30,Validation,87.61160714285714,0.8830906676440619,0.8987229463931875,0.8866304826282567,0.4836794160203644,adjusted_norm_sqrt_inv,Rumex vesicarius L.,Echinops glaberrimus DC.,Trichodesma africanum (L.) Sm.,19,16,6.970820152759552,165,top_30,0.8761160714285714,0.8830906676440619,0.8987229463931875,0.8866304826282567,0.4836794160203644
Top-30,validation,top_val_summary/mobilenetv2_stageF_top_30_val_summary161_180.csv,mobilenetv2_stageF_top_30,Validation,87.09077380952381,0.8841336325930882,0.8942421622857033,0.8843225083282144,0.5063024892037475,adjusted_norm_sqrt_inv,Iphiona mucronata (Forssk.) Asch. & Schweinf.,Gymnocarpos decander Forssk.,Trichodesma africanum (L.) Sm.,20,16,6.987274483839671,166,top_30,0.8709077380952381,0.8841336325930882,0.8942421622857033,0.8843225083282144,0.5063024892037475
Top-30,validation,top_val_summary/mobilenetv2_stageF_top_30_val_summary161_180.csv,mobilenetv2_stageF_top_30,Validation,88.03943452380952,0.8868978324136846,0.9008905451102772,0.8898582890215266,0.4532492089784534,adjusted_norm_sqrt_inv,Iphiona mucronata (Forssk.) Asch. & Schweinf.,Deverra tortuosa (Desf.) DC.,Trichodesma africanum (L.) Sm.,17,16,6.937145936489105,167,top_30,0.8803943452380952,0.8868978324136846,0.9008905451102772,0.8898582890215266,0.4532492089784534
Top-30,validation,top_val_summary/mobilenetv2_stageF_top_30_val_summary161_180.csv,mobilenetv2_stageF_top_30,Validation,87.85342261904762,0.8836127777959719,0.898410689853347,0.8868120243018431,0.4570602647014742,adjusted_norm_sqrt_inv,Iphiona mucronata (Forssk.) Asch. & Schweinf.,Gymnocarpos decander Forssk.,Trichodesma africanum (L.) Sm.,17,16,7.028194586435954,168,top_30,0.8785342261904762,0.8836127777959719,0.898410689853347,0.8868120243018431,0.4570602647014742
Top-30,validation,top_val_summary/mobilenetv2_stageF_top_30_val_summary161_180.csv,mobilenetv2_stageF_top_30,Validation,88.35565476190476,0.8906554201369632,0.9046769989756795,0.8941422201358511,0.4560470796733414,adjusted_norm_sqrt_inv,Rumex vesicarius L.,Ephedra alata Decne.,Trichodesma africanum (L.) Sm.,18,16,6.9630736947059635,169,top_30,0.8835565476190476,0.8906554201369632,0.9046769989756795,0.8941422201358511,0.4560470796733414
Top-30,validation,top_val_summary/mobilenetv2_stageF_top_30_val_summary161_180.csv,mobilenetv2_stageF_top_30,Validation,87.81622023809524,0.8880587146145876,0.9007596734104568,0.8896740113557419,0.4618346199027345,adjusted_norm_sqrt_inv,Iphiona mucronata (Forssk.) Asch. & Schweinf.,Echinops glaberrimus DC.,Trichodesma africanum (L.) Sm.,21,16,7.065780134995778,170,top_30,0.8781622023809524,0.8880587146145876,0.9007596734104568,0.8896740113557419,0.4618346199027345
Top-30,validation,top_val_summary/mobilenetv2_stageF_top_30_val_summary161_180.csv,mobilenetv2_stageF_top_30,Validation,87.6860119047619,0.8881778639490391,0.8991974035710716,0.8885467564571932,0.486675748773229,adjusted_norm_sqrt_inv,Rumex vesicarius L.,Ephedra alata Decne.,Trichodesma africanum (L.) Sm.,19,16,6.9993951996167505,171,top_30,0.876860119047619,0.8881778639490391,0.8991974035710716,0.8885467564571932,0.486675748773229
Top-30,validation,top_val_summary/mobilenetv2_stageF_top_30_val_summary161_180.csv,mobilenetv2_stageF_top_30,Validation,88.4672619047619,0.8867787609739785,0.9033042657862904,0.8905282977114367,0.4379230796870753,adjusted_norm_sqrt_inv,Rumex vesicarius L.,Gymnocarpos decander Forssk.,Trichodesma africanum (L.) Sm.,18,16,7.400294999281566,172,top_30,0.884672619047619,0.8867787609739785,0.9033042657862904,0.8905282977114367,0.4379230796870753
Top-30,validation,top_val_summary/mobilenetv2_stageF_top_30_val_summary161_180.csv,mobilenetv2_stageF_top_30,Validation,88.41145833333333,0.8894268847779724,0.9038084483511296,0.8923368445377297,0.4469594978682589,adjusted_norm_sqrt_inv,Iphiona mucronata (Forssk.) Asch. & Schweinf.,Peganum harmala L.,Trichodesma africanum (L.) Sm.,19,16,7.46260441939036,173,top_30,0.8841145833333333,0.8894268847779724,0.9038084483511296,0.8923368445377297,0.4469594978682589
Top-30,validation,top_val_summary/mobilenetv2_stageF_top_30_val_summary161_180.csv,mobilenetv2_stageF_top_30,Validation,88.54166666666667,0.8933992293632077,0.9058738584878424,0.8952143784083934,0.4523742272654922,adjusted_norm_sqrt_inv,Iphiona mucronata (Forssk.) Asch. & Schweinf.,Gymnocarpos decander Forssk.,Trichodesma africanum (L.) Sm.,20,16,7.532259448369344,174,top_30,0.8854166666666667,0.8933992293632077,0.9058738584878424,0.8952143784083934,0.4523742272654922
Top-30,validation,top_val_summary/mobilenetv2_stageF_top_30_val_summary161_180.csv,mobilenetv2_stageF_top_30,Validation,88.44866071428571,0.8891985911516587,0.9055070329320882,0.8933174102452212,0.4311728863243819,adjusted_norm_sqrt_inv,Iphiona mucronata (Forssk.) Asch. & Schweinf.,Diplotaxis harra (Forssk.) Boiss.,Trichodesma africanum (L.) Sm.,21,16,7.46626281340917,175,top_30,0.8844866071428571,0.8891985911516587,0.9055070329320882,0.8933174102452212,0.4311728863243819
Top-30,validation,top_val_summary/mobilenetv2_stageF_top_30_val_summary161_180.csv,mobilenetv2_stageF_top_30,Validation,88.02083333333333,0.8887846096490855,0.9038253162680872,0.8918783594655668,0.4524542529448684,adjusted_norm_sqrt_inv,Cenchrus divisus,Deverra tortuosa (Desf.) DC.,Trichodesma africanum (L.) Sm.,20,16,7.635816180706024,176,top_30,0.8802083333333333,0.8887846096490855,0.9038253162680872,0.8918783594655668,0.4524542529448684
Top-30,validation,top_val_summary/mobilenetv2_stageF_top_30_val_summary161_180.csv,mobilenetv2_stageF_top_30,Validation,87.61160714285714,0.8831179157685509,0.9019424464249648,0.8873477520241,0.484030548300533,adjusted_norm_sqrt_inv,Iphiona mucronata (Forssk.) Asch. & Schweinf.,Diplotaxis harra (Forssk.) Boiss.,Trichodesma africanum (L.) Sm.,18,16,7.518508263429006,177,top_30,0.8761160714285714,0.8831179157685509,0.9019424464249648,0.8873477520241,0.484030548300533
Top-30,validation,top_val_summary/mobilenetv2_stageF_top_30_val_summary161_180.csv,mobilenetv2_stageF_top_30,Validation,88.00223214285714,0.8930810846379507,0.9035986934882148,0.8935987924779258,0.459602428327209,adjusted_norm_sqrt_inv,Iphiona mucronata (Forssk.) Asch. & Schweinf.,Diplotaxis harra (Forssk.) Boiss.,Trichodesma africanum (L.) Sm.,20,16,7.621568818887075,178,top_30,0.8800223214285714,0.8930810846379507,0.9035986934882148,0.8935987924779258,0.459602428327209
Top-30,validation,top_val_summary/mobilenetv2_stageF_top_30_val_summary161_180.csv,mobilenetv2_stageF_top_30,Validation,87.77901785714286,0.8906854002181893,0.9003403902505379,0.8912820953300852,0.487608823668812,adjusted_norm_sqrt_inv,Rumex vesicarius L.,Cebatha pendula (J.R.Forst. & G.Forst.) Kuntze,Trichodesma africanum (L.) Sm.,19,16,7.562332300345103,179,top_30,0.8777901785714286,0.8906854002181893,0.9003403902505379,0.8912820953300852,0.487608823668812
Top-30,validation,top_val_summary/mobilenetv2_stageF_top_30_val_summary161_180.csv,mobilenetv2_stageF_top_30,Validation,87.76041666666667,0.8908651425267582,0.9014377753824678,0.8918926704551509,0.4814281767348999,adjusted_norm_sqrt_inv,Iphiona mucronata (Forssk.) Asch. & Schweinf.,Cebatha pendula (J.R.Forst. & G.Forst.) Kuntze,Trichodesma africanum (L.) Sm.,20,16,7.814694829781851,180,top_30,0.8776041666666667,0.8908651425267582,0.9014377753824678,0.8918926704551509,0.4814281767348999
Top-30,validation,top_val_summary/mobilenetv2_stageF_top_30_val_summary181_195.csv,mobilenetv2_stageF_top_30,Validation,87.96502976190476,0.892120233207305,0.900599993448504,0.8920644299384063,0.4756083191209425,adjusted_norm_sqrt_inv,Iphiona mucronata (Forssk.) Asch. & Schweinf.,Stachys aegyptiaca Pers.,Trichodesma africanum (L.) Sm.,19,16,7.246017082532247,181,top_30,0.8796502976190476,0.892120233207305,0.900599993448504,0.8920644299384063,0.4756083191209425
Top-30,validation,top_val_summary/mobilenetv2_stageF_top_30_val_summary181_195.csv,mobilenetv2_stageF_top_30,Validation,88.18824404761905,0.8908162810484739,0.904214710353962,0.8937151904607802,0.4681940801549444,adjusted_norm_sqrt_inv,Iphiona mucronata (Forssk.) Asch. & Schweinf.,Deverra triradiata Hochst. ex Boiss.,Trichodesma africanum (L.) Sm.,19,16,7.603376193841299,182,top_30,0.8818824404761905,0.8908162810484739,0.904214710353962,0.8937151904607802,0.4681940801549444
Top-30,validation,top_val_summary/mobilenetv2_stageF_top_30_val_summary181_195.csv,mobilenetv2_stageF_top_30,Validation,88.13244047619048,0.8930769791041414,0.9031340814185236,0.8941427435614923,0.4750979116672597,adjusted_norm_sqrt_inv,Iphiona mucronata (Forssk.) Asch. & Schweinf.,Capparis spinosa L.,Trichodesma africanum (L.) Sm.,20,16,7.554004311561584,183,top_30,0.8813244047619048,0.8930769791041414,0.9031340814185236,0.8941427435614923,0.4750979116672597
Top-30,validation,top_val_summary/mobilenetv2_stageF_top_30_val_summary181_195.csv,mobilenetv2_stageF_top_30,Validation,88.37425595238095,0.8970949433750129,0.9057784530977776,0.8974096137681152,0.4685489375261254,adjusted_norm_sqrt_inv,Iphiona mucronata (Forssk.) Asch. & Schweinf.,Echinops glaberrimus DC.,Trichodesma africanum (L.) Sm.,17,16,7.149479818344116,184,top_30,0.8837425595238095,0.8970949433750129,0.9057784530977776,0.8974096137681152,0.4685489375261254
Top-30,validation,top_val_summary/mobilenetv2_stageF_top_30_val_summary181_195.csv,mobilenetv2_stageF_top_30,Validation,88.24404761904762,0.8968710508449388,0.904801442168845,0.8968744301117875,0.4747089999059534,adjusted_norm_sqrt_inv,Iphiona mucronata (Forssk.) Asch. & Schweinf.,Capparis spinosa L.,Trichodesma africanum (L.) Sm.,19,16,7.448566349347432,185,top_30,0.8824404761904762,0.8968710508449388,0.904801442168845,0.8968744301117875,0.4747089999059534
Top-30,validation,top_val_summary/mobilenetv2_stageF_top_30_val_summary181_195.csv,mobilenetv2_stageF_top_30,Validation,88.37425595238095,0.8972744534107524,0.905311757511043,0.8974938378788986,0.4565945236913865,adjusted_norm_sqrt_inv,Iphiona mucronata (Forssk.) Asch. & Schweinf.,Deverra triradiata Hochst. ex Boiss.,Trichodesma africanum (L.) Sm.,20,16,7.429579552014669,186,top_30,0.8837425595238095,0.8972744534107524,0.905311757511043,0.8974938378788986,0.4565945236913865
Top-30,validation,top_val_summary/mobilenetv2_stageF_top_30_val_summary181_195.csv,mobilenetv2_stageF_top_30,Validation,87.74181547619048,0.8917944295367618,0.8972484041015509,0.8895362619410614,0.4653384764421018,adjusted_norm_sqrt_inv,Iphiona mucronata (Forssk.) Asch. & Schweinf.,Stachys aegyptiaca Pers.,Trichodesma africanum (L.) Sm.,19,16,7.664884114265442,187,top_30,0.8774181547619048,0.8917944295367618,0.8972484041015509,0.8895362619410614,0.4653384764421018
Top-30,validation,top_val_summary/mobilenetv2_stageF_top_30_val_summary181_195.csv,mobilenetv2_stageF_top_30,Validation,88.35565476190476,0.8953519740204587,0.9051942696184933,0.8958229117675558,0.4548418325611213,adjusted_norm_sqrt_inv,Iphiona mucronata (Forssk.) Asch. & Schweinf.,Gymnocarpos decander Forssk.,Trichodesma africanum (L.) Sm.,19,16,7.573957014083862,188,top_30,0.8835565476190476,0.8953519740204587,0.9051942696184933,0.8958229117675558,0.4548418325611213
Top-30,validation,top_val_summary/mobilenetv2_stageF_top_30_val_summary181_195.csv,mobilenetv2_stageF_top_30,Validation,88.50446428571429,0.8967234718646233,0.90591390612741,0.8972762082985936,0.4497195394981041,adjusted_norm_sqrt_inv,Iphiona mucronata (Forssk.) Asch. & Schweinf.,Stachys aegyptiaca Pers.,Trichodesma africanum (L.) Sm.,20,16,7.234273835023244,189,top_30,0.8850446428571429,0.8967234718646233,0.90591390612741,0.8972762082985936,0.4497195394981041
Top-30,validation,top_val_summary/mobilenetv2_stageF_top_30_val_summary181_195.csv,mobilenetv2_stageF_top_30,Validation,87.94642857142857,0.8889700487893576,0.9003239062396641,0.8898305522529198,0.4807140329927371,adjusted_norm_sqrt_inv,Iphiona mucronata (Forssk.) Asch. & Schweinf.,Suaeda aegyptiaca (Hasselq.) Zohary,Trichodesma africanum (L.) Sm.,19,16,7.689017649491628,190,top_30,0.8794642857142857,0.8889700487893576,0.9003239062396641,0.8898305522529198,0.4807140329927371
Top-30,validation,top_val_summary/mobilenetv2_stageF_top_30_val_summary181_195.csv,mobilenetv2_stageF_top_30,Validation,87.64880952380952,0.8880116202273458,0.8963245131375486,0.8871285546010809,0.4685861920978975,adjusted_norm_sqrt_inv,Iphiona mucronata (Forssk.) Asch. & Schweinf.,Suaeda aegyptiaca (Hasselq.) Zohary,Trichodesma africanum (L.) Sm.,18,16,7.449041732152304,191,top_30,0.8764880952380952,0.8880116202273458,0.8963245131375486,0.8871285546010809,0.4685861920978975
Top-30,validation,top_val_summary/mobilenetv2_stageF_top_30_val_summary181_195.csv,mobilenetv2_stageF_top_30,Validation,88.41145833333333,0.8968075162818628,0.904781395098584,0.8965863477359765,0.4449987209797406,adjusted_norm_sqrt_inv,Iphiona mucronata (Forssk.) Asch. & Schweinf.,Echinops glaberrimus DC.,Trichodesma africanum (L.) Sm.,19,16,7.466400035222372,192,top_30,0.8841145833333333,0.8968075162818628,0.904781395098584,0.8965863477359765,0.4449987209797406
Top-30,validation,top_val_summary/mobilenetv2_stageF_top_30_val_summary181_195.csv,mobilenetv2_stageF_top_30,Validation,88.18824404761905,0.8930334148410307,0.9026497873595452,0.893057301394196,0.4527989450460613,adjusted_norm_sqrt_inv,Iphiona mucronata (Forssk.) Asch. & Schweinf.,Gymnocarpos decander Forssk.,Trichodesma africanum (L.) Sm.,19,16,7.50172084569931,193,top_30,0.8818824404761905,0.8930334148410307,0.9026497873595452,0.893057301394196,0.4527989450460613
Top-30,validation,top_val_summary/mobilenetv2_stageF_top_30_val_summary181_195.csv,mobilenetv2_stageF_top_30,Validation,87.94642857142857,0.8947966590969646,0.8998346191506151,0.8931926986368333,0.4630263935260765,adjusted_norm_sqrt_inv,Iphiona mucronata (Forssk.) Asch. & Schweinf.,Diplotaxis harra (Forssk.) Boiss.,Trichodesma africanum (L.) Sm.,19,16,7.385118516286214,194,top_30,0.8794642857142857,0.8947966590969646,0.8998346191506151,0.8931926986368333,0.4630263935260765
Top-30,validation,top_val_summary/mobilenetv2_stageF_top_30_val_summary181_195.csv,mobilenetv2_stageF_top_30,Validation,88.82068452380952,0.8964889549991885,0.9083515577447672,0.8983249080728085,0.4550052593380209,adjusted_norm_sqrt_inv,Iphiona mucronata (Forssk.) Asch. & Schweinf.,Suaeda aegyptiaca (Hasselq.) Zohary,Trichodesma africanum (L.) Sm.,17,16,7.483539013067881,195,top_30,0.8882068452380952,0.8964889549991885,0.9083515577447672,0.8983249080728085,0.4550052593380209
Top-30,validation,top_val_summary/mobilenetv2_stageF_top_30_val_summary196_210.csv,mobilenetv2_stageF_top_30,Validation,88.78348214285714,0.8959364335712112,0.9074673004518024,0.8976747697397335,0.4402830246311066,adjusted_norm_sqrt_inv,Anabasis articulata (Forssk.) Moq.,Stachys aegyptiaca Pers.,Trichodesma africanum (L.) Sm.,19,16,7.001109929879506,196,top_30,0.8878348214285714,0.8959364335712112,0.9074673004518024,0.8976747697397335,0.4402830246311066
Top-30,validation,top_val_summary/mobilenetv2_stageF_top_30_val_summary196_210.csv,mobilenetv2_stageF_top_30,Validation,88.28125,0.8961369821724201,0.903816809323461,0.895988893425728,0.4401450467818695,adjusted_norm_sqrt_inv,Iphiona mucronata (Forssk.) Asch. & Schweinf.,Diplotaxis harra (Forssk.) Boiss.,Trichodesma africanum (L.) Sm.,19,16,7.390301835536957,197,top_30,0.8828125,0.8961369821724201,0.903816809323461,0.895988893425728,0.4401450467818695
Top-30,validation,top_val_summary/mobilenetv2_stageF_top_30_val_summary196_210.csv,mobilenetv2_stageF_top_30,Validation,89.0625,0.9010448827615576,0.9117564111558818,0.9031744544671108,0.4254604536308802,adjusted_norm_sqrt_inv,Iphiona mucronata (Forssk.) Asch. & Schweinf.,Diplotaxis harra (Forssk.) Boiss.,Trichodesma africanum (L.) Sm.,20,16,7.385262286663055,198,top_30,0.890625,0.9010448827615576,0.9117564111558818,0.9031744544671108,0.4254604536308802
Top-30,validation,top_val_summary/mobilenetv2_stageF_top_30_val_summary196_210.csv,mobilenetv2_stageF_top_30,Validation,89.41592261904762,0.9038479941553506,0.9140226708827954,0.905760041539722,0.4169499532062126,adjusted_norm_sqrt_inv,Zygophyllum molle (Delile) Christenh. & Byng,Stachys aegyptiaca Pers.,Trichodesma africanum (L.) Sm.,20,16,7.343599065144857,199,top_30,0.8941592261904762,0.9038479941553506,0.9140226708827954,0.905760041539722,0.4169499532062126
Top-30,validation,top_val_summary/mobilenetv2_stageF_top_30_val_summary196_210.csv,mobilenetv2_stageF_top_30,Validation,88.8764880952381,0.900272353307658,0.9100924682508668,0.9011399248209662,0.4467948453307063,adjusted_norm_sqrt_inv,Iphiona mucronata (Forssk.) Asch. & Schweinf.,Stachys aegyptiaca Pers.,Trichodesma africanum (L.) Sm.,19,16,7.271604267756144,200,top_30,0.888764880952381,0.900272353307658,0.9100924682508668,0.9011399248209662,0.4467948453307063
Top-30,validation,top_val_summary/mobilenetv2_stageF_top_30_val_summary196_210.csv,mobilenetv2_stageF_top_30,Validation,88.00223214285714,0.8962817164733415,0.9037248582604368,0.8951001743371834,0.490185292760774,adjusted_norm_sqrt_inv,Iphiona mucronata (Forssk.) Asch. & Schweinf.,Suaeda aegyptiaca (Hasselq.) Zohary,Trichodesma africanum (L.) Sm.,20,16,7.432758947213491,201,top_30,0.8800223214285714,0.8962817164733415,0.9037248582604368,0.8951001743371834,0.490185292760774
Top-30,validation,top_val_summary/mobilenetv2_stageF_top_30_val_summary196_210.csv,mobilenetv2_stageF_top_30,Validation,89.09970238095238,0.9008531736129616,0.9085135583814572,0.9008851004236976,0.433418474644285,adjusted_norm_sqrt_inv,Iphiona mucronata (Forssk.) Asch. & Schweinf.,Gymnocarpos decander Forssk.,Trichodesma africanum (L.) Sm.,20,16,7.254104967912038,202,top_30,0.8909970238095238,0.9008531736129616,0.9085135583814572,0.9008851004236976,0.433418474644285
Top-30,validation,top_val_summary/mobilenetv2_stageF_top_30_val_summary196_210.csv,mobilenetv2_stageF_top_30,Validation,88.8764880952381,0.9024386369245216,0.911828927748652,0.903538088531776,0.441040819753474,adjusted_norm_sqrt_inv,Iphiona mucronata (Forssk.) Asch. & Schweinf.,Stachys aegyptiaca Pers.,Trichodesma africanum (L.) Sm.,19,16,7.641711866855621,203,top_30,0.888764880952381,0.9024386369245216,0.911828927748652,0.903538088531776,0.441040819753474
Top-30,validation,top_val_summary/mobilenetv2_stageF_top_30_val_summary196_210.csv,mobilenetv2_stageF_top_30,Validation,89.09970238095238,0.9001894215552406,0.9094129380345674,0.9006284876240963,0.4421097531368467,adjusted_norm_sqrt_inv,Iphiona mucronata (Forssk.) Asch. & Schweinf.,Capparis spinosa L.,Trichodesma africanum (L.) Sm.,19,16,7.32895644903183,204,top_30,0.8909970238095238,0.9001894215552406,0.9094129380345674,0.9006284876240963,0.4421097531368467
Top-30,validation,top_val_summary/mobilenetv2_stageF_top_30_val_summary196_210.csv,mobilenetv2_stageF_top_30,Validation,88.69047619047619,0.9004902887801646,0.9073453720913052,0.8993094684773568,0.4779634623867104,adjusted_norm_sqrt_inv,Iphiona mucronata (Forssk.) Asch. & Schweinf.,Diplotaxis harra (Forssk.) Boiss.,Trichodesma africanum (L.) Sm.,18,16,7.935864663124084,205,top_30,0.8869047619047619,0.9004902887801646,0.9073453720913052,0.8993094684773568,0.4779634623867104
Top-30,validation,top_val_summary/mobilenetv2_stageF_top_30_val_summary196_210.csv,mobilenetv2_stageF_top_30,Validation,88.57886904761905,0.89840885210476,0.9033402716185952,0.8966648330995355,0.4588098215326113,adjusted_norm_sqrt_inv,Iphiona mucronata (Forssk.) Asch. & Schweinf.,Gymnocarpos decander Forssk.,Trichodesma africanum (L.) Sm.,22,16,8.07985515197118,206,top_30,0.8857886904761905,0.89840885210476,0.9033402716185952,0.8966648330995355,0.4588098215326113
Top-30,validation,top_val_summary/mobilenetv2_stageF_top_30_val_summary196_210.csv,mobilenetv2_stageF_top_30,Validation,88.69047619047619,0.9009656348017644,0.9061793670132546,0.8993097375279896,0.4568079686489542,adjusted_norm_sqrt_inv,Salsola imbricata Forssk.,Diplotaxis harra (Forssk.) Boiss.,Trichodesma africanum (L.) Sm.,19,16,8.083798682689666,207,top_30,0.8869047619047619,0.9009656348017644,0.9061793670132546,0.8993097375279896,0.4568079686489542
Top-30,validation,top_val_summary/mobilenetv2_stageF_top_30_val_summary196_210.csv,mobilenetv2_stageF_top_30,Validation,88.56026785714286,0.8992001521289009,0.9058984240237268,0.8982087235343474,0.4693256310843615,adjusted_norm_sqrt_inv,Salsola imbricata Forssk.,Diplotaxis harra (Forssk.) Boiss.,Trichodesma africanum (L.) Sm.,18,16,8.02638346751531,208,top_30,0.8856026785714286,0.8992001521289009,0.9058984240237268,0.8982087235343474,0.4693256310843615
Top-30,validation,top_val_summary/mobilenetv2_stageF_top_30_val_summary196_210.csv,mobilenetv2_stageF_top_30,Validation,88.59747023809524,0.9005441234863926,0.9057076124876132,0.8988148599946512,0.4458703362851158,adjusted_norm_sqrt_inv,Iphiona mucronata (Forssk.) Asch. & Schweinf.,Diplotaxis harra (Forssk.) Boiss.,Trichodesma africanum (L.) Sm.,18,16,8.079730534553528,209,top_30,0.8859747023809524,0.9005441234863926,0.9057076124876132,0.8988148599946512,0.4458703362851158
Top-30,validation,top_val_summary/mobilenetv2_stageF_top_30_val_summary196_210.csv,mobilenetv2_stageF_top_30,Validation,88.4858630952381,0.8957515383309734,0.9062502661909758,0.8964636141230535,0.4544129284518596,adjusted_norm_sqrt_inv,Rumex vesicarius L.,Diplotaxis harra (Forssk.) Boiss.,Tamarix nilotica (Ehrenb.) Bunge,20,16,7.892820433775584,210,top_30,0.884858630952381,0.8957515383309734,0.9062502661909758,0.8964636141230535,0.4544129284518596
Top-30,validation,top_val_summary/mobilenetv2_stageF_top_30_val_summary211_220.csv,mobilenetv2_stageF_top_30,Validation,88.80208333333333,0.8978373518551618,0.9078334975708148,0.8990157170252588,0.4410121656100559,adjusted_norm_sqrt_inv,Iphiona mucronata (Forssk.) Asch. & Schweinf.,Gymnocarpos decander Forssk.,Trichodesma africanum (L.) Sm.,18,16,7.779929232597351,211,top_30,0.8880208333333333,0.8978373518551618,0.9078334975708148,0.8990157170252588,0.4410121656100559
Top-30,validation,top_val_summary/mobilenetv2_stageF_top_30_val_summary211_220.csv,mobilenetv2_stageF_top_30,Validation,88.91369047619048,0.9005437285443763,0.9088997047731184,0.900739951653864,0.4281600046699338,adjusted_norm_sqrt_inv,Salsola imbricata Forssk.,Zygophyllum coccineum,Tamarix nilotica (Ehrenb.) Bunge,20,16,7.481267766157786,212,top_30,0.8891369047619048,0.9005437285443763,0.9088997047731184,0.900739951653864,0.4281600046699338
Top-30,validation,top_val_summary/mobilenetv2_stageF_top_30_val_summary211_220.csv,mobilenetv2_stageF_top_30,Validation,88.69047619047619,0.8978775052471004,0.9069135741472256,0.8987227895426703,0.4354701060277323,adjusted_norm_sqrt_inv,Salsola imbricata Forssk.,Diplotaxis harra (Forssk.) Boiss.,Trichodesma africanum (L.) Sm.,19,16,7.254956515630086,213,top_30,0.8869047619047619,0.8978775052471004,0.9069135741472256,0.8987227895426703,0.4354701060277323
Top-30,validation,top_val_summary/mobilenetv2_stageF_top_30_val_summary211_220.csv,mobilenetv2_stageF_top_30,Validation,88.63467261904762,0.9000965246419637,0.9082555131104688,0.9007266063826856,0.4436150958864674,adjusted_norm_sqrt_inv,Iphiona mucronata (Forssk.) Asch. & Schweinf.,Stachys aegyptiaca Pers.,Trichodesma africanum (L.) Sm.,18,16,7.454673198858897,214,top_30,0.8863467261904762,0.9000965246419637,0.9082555131104688,0.9007266063826856,0.4436150958864674
Top-30,validation,top_val_summary/mobilenetv2_stageF_top_30_val_summary211_220.csv,mobilenetv2_stageF_top_30,Validation,89.37872023809524,0.9002429263897197,0.9148212019055568,0.9039062811183706,0.4254992293437824,adjusted_norm_sqrt_inv,Rumex vesicarius L.,Capparis spinosa L.,Tamarix nilotica (Ehrenb.) Bunge,20,16,7.220231199264527,215,top_30,0.8937872023809524,0.9002429263897197,0.9148212019055568,0.9039062811183706,0.4254992293437824
Top-30,validation,top_val_summary/mobilenetv2_stageF_top_30_val_summary211_220.csv,mobilenetv2_stageF_top_30,Validation,88.78348214285714,0.8999564114026416,0.9108524400568097,0.9015921139103924,0.443893511841996,adjusted_norm_sqrt_inv,Rumex vesicarius L.,Gymnocarpos decander Forssk.,Trichodesma africanum (L.) Sm.,19,16,7.277050316333771,216,top_30,0.8878348214285714,0.8999564114026416,0.9108524400568097,0.9015921139103924,0.443893511841996
Top-30,validation,top_val_summary/mobilenetv2_stageF_top_30_val_summary211_220.csv,mobilenetv2_stageF_top_30,Validation,88.39285714285714,0.8937220146766992,0.9053818656721796,0.8947672375951189,0.4573270582933771,adjusted_norm_sqrt_inv,Rumex vesicarius L.,Zilla spinosa (L.) Prantl,Trichodesma africanum (L.) Sm.,19,16,7.440177353223165,217,top_30,0.8839285714285714,0.8937220146766992,0.9053818656721796,0.8947672375951189,0.4573270582933771
Top-30,validation,top_val_summary/mobilenetv2_stageF_top_30_val_summary211_220.csv,mobilenetv2_stageF_top_30,Validation,88.8764880952381,0.9033123393198654,0.910220480554728,0.9025511332655316,0.4497092355149813,adjusted_norm_sqrt_inv,Rumex vesicarius L.,Zilla spinosa (L.) Prantl,Trichodesma africanum (L.) Sm.,17,16,7.286605449517568,218,top_30,0.888764880952381,0.9033123393198654,0.910220480554728,0.9025511332655316,0.4497092355149813
Top-30,validation,top_val_summary/mobilenetv2_stageF_top_30_val_summary211_220.csv,mobilenetv2_stageF_top_30,Validation,89.00669642857143,0.9027740357491684,0.911388660681549,0.9031180163591548,0.4408479082623896,adjusted_norm_sqrt_inv,Iphiona mucronata (Forssk.) Asch. & Schweinf.,Zilla spinosa (L.) Prantl,Tamarix nilotica (Ehrenb.) Bunge,20,16,7.427435715993245,219,top_30,0.8900669642857143,0.9027740357491684,0.911388660681549,0.9031180163591548,0.4408479082623896
Top-30,validation,top_val_summary/mobilenetv2_stageF_top_30_val_summary211_220.csv,mobilenetv2_stageF_top_30,Validation,88.95089285714286,0.901456370730038,0.9126697963029696,0.903418498289328,0.4387273854792911,adjusted_norm_sqrt_inv,Iphiona mucronata (Forssk.) Asch. & Schweinf.,Zilla spinosa (L.) Prantl,Trichodesma africanum (L.) Sm.,17,16,7.383839484055837,220,top_30,0.8895089285714286,0.901456370730038,0.9126697963029696,0.903418498289328,0.4387273854792911
